Adj Close (^DJI),DGS10 [%],T10YIE[%],Confirmed COVID-19 cases,Recovered COVID-19 cases,Deaths due to COVID-19 ,Initial unemployment claims (Seasonally adjusted),Weekly U.S. All Grades All Formulations Retail Gasoline Prices  (Dollars per Gallon),Weekly U.S. No 2 Diesel Retail Prices  (Dollars per Gallon)
23346.24023,2.66,1.7,0,0,0,220000,2.329,3.013
22686.2207,2.56,1.68,0,0,0,220000,2.329,3.013
23433.16016,2.67,1.76,0,0,0,220000,2.329,3.013
23433.16016,2.67,1.76,0,0,0,220000,2.329,3.013
23433.16016,2.67,1.76,0,0,0,216000,2.329,3.013
23531.34961,2.7,1.78,0,0,0,216000,2.329,3.013
23787.44922,2.73,1.82,0,0,0,216000,2.338,2.976
23879.11914,2.74,1.83,0,0,0,216000,2.338,2.976
24001.91992,2.74,1.81,0,0,0,216000,2.338,2.976
23995.94922,2.71,1.83,0,0,0,216000,2.338,2.976
23995.94922,2.71,1.83,0,0,0,216000,2.338,2.976
23995.94922,2.71,1.83,0,0,0,209000,2.338,2.976
23909.83984,2.71,1.81,0,0,0,209000,2.338,2.976
24065.58984,2.72,1.81,0,0,0,209000,2.34,2.965
24207.16016,2.73,1.82,0,0,0,209000,2.34,2.965
24370.09961,2.75,1.79,0,0,0,209000,2.34,2.965
24706.34961,2.79,1.83,0,0,0,209000,2.34,2.965
24706.34961,2.79,1.83,0,0,0,209000,2.34,2.965
24706.34961,2.79,1.83,0,0,0,236000,2.34,2.965
24706.34961,2.79,1.83,0,0,0,236000,2.34,2.965
24404.48047,2.74,1.79,0,0,0,236000,2.343,2.965
24575.61914,2.76,1.8,0,0,0,236000,2.343,2.965
24553.24023,2.72,1.77,0,0,0,236000,2.343,2.965
24737.19922,2.76,1.79,0,0,0,236000,2.343,2.965
24737.19922,2.76,1.79,0,0,0,236000,2.343,2.965
24737.19922,2.76,1.79,0,0,0,230000,2.343,2.965
24528.2207,2.75,1.78,0,0,0,230000,2.343,2.965
24579.96094,2.72,1.78,0,0,0,230000,2.341,2.966
25014.85938,2.7,1.84,0,0,0,230000,2.341,2.966
24999.66992,2.63,1.85,0,0,0,230000,2.341,2.966
25063.89063,2.7,1.88,0,0,0,230000,2.341,2.966
25063.89063,2.7,1.88,0,0,0,230000,2.341,2.966
25063.89063,2.7,1.88,0,0,0,228000,2.341,2.966
25239.36914,2.73,1.87,0,0,0,228000,2.341,2.966
25411.51953,2.71,1.87,0,0,0,228000,2.361,2.966
25390.30078,2.7,1.86,0,0,0,228000,2.361,2.966
25169.5293,2.65,1.84,0,0,0,228000,2.361,2.966
25106.33008,2.63,1.82,0,0,0,228000,2.361,2.966
25106.33008,2.63,1.82,0,0,0,228000,2.361,2.966
25106.33008,2.63,1.82,0,0,0,218000,2.361,2.966
25053.10938,2.65,1.82,0,0,0,218000,2.361,2.966
25425.75977,2.68,1.83,0,0,0,218000,2.4,3.006
25543.26953,2.71,1.86,0,0,0,218000,2.4,3.006
25439.39063,2.66,1.85,0,0,0,218000,2.4,3.006
25883.25,2.66,1.86,0,0,0,218000,2.4,3.006
25883.25,2.66,1.86,0,0,0,218000,2.4,3.006
25883.25,2.66,1.86,0,0,0,224000,2.4,3.006
25883.25,2.66,1.86,0,0,0,224000,2.4,3.006
25891.32031,2.65,1.87,0,0,0,224000,2.471,3.048
25954.43945,2.65,1.89,0,0,0,224000,2.471,3.048
25850.63086,2.69,1.91,0,0,0,224000,2.471,3.048
26031.81055,2.65,1.91,0,0,0,224000,2.471,3.048
26031.81055,2.65,1.91,0,0,0,224000,2.471,3.048
26031.81055,2.65,1.91,0,0,0,220000,2.471,3.048
26091.94922,2.67,1.92,0,0,0,220000,2.471,3.048
26057.98047,2.64,1.92,0,0,0,220000,2.502,3.076
25985.16016,2.69,1.93,0,0,0,220000,2.502,3.076
25916,2.73,1.95,0,0,0,220000,2.502,3.076
26026.32031,2.76,1.96,0,0,0,220000,2.502,3.076
26026.32031,2.76,1.96,0,0,0,220000,2.502,3.076
26026.32031,2.76,1.96,0,0,0,224000,2.502,3.076
25819.65039,2.72,1.94,0,0,0,224000,2.502,3.076
25806.63086,2.72,1.93,0,0,0,224000,2.549,3.079
25673.46094,2.69,1.91,0,0,0,224000,2.549,3.079
25473.23047,2.64,1.9,0,0,0,224000,2.549,3.079
25450.24023,2.62,1.9,0,0,0,224000,2.549,3.079
25450.24023,2.62,1.9,0,0,0,224000,2.549,3.079
25450.24023,2.62,1.9,0,0,0,219000,2.549,3.079
25650.88086,2.64,1.91,0,0,0,219000,2.549,3.079
25554.66016,2.61,1.9,0,0,0,219000,2.625,3.07
25702.89063,2.61,1.92,0,0,0,219000,2.625,3.07
25709.93945,2.63,1.94,0,0,0,219000,2.625,3.07
25848.86914,2.59,1.94,0,0,0,219000,2.625,3.07
25848.86914,2.59,1.94,0,0,0,219000,2.625,3.07
25848.86914,2.59,1.94,0,0,0,215000,2.625,3.07
25914.09961,2.6,1.96,0,0,0,215000,2.625,3.07
25887.38086,2.61,1.95,0,0,0,215000,2.701,3.08
25745.66992,2.54,1.96,0,0,0,215000,2.701,3.08
25962.50977,2.54,1.96,0,0,0,215000,2.701,3.08
25502.32031,2.44,1.9,0,0,0,215000,2.701,3.08
25502.32031,2.44,1.9,0,0,0,215000,2.701,3.08
25502.32031,2.44,1.9,0,0,0,211000,2.701,3.08
25516.83008,2.43,1.88,0,0,0,211000,2.701,3.08
25657.73047,2.41,1.86,0,0,0,211000,2.77,3.078
25625.58984,2.39,1.84,0,0,0,211000,2.77,3.078
25717.46094,2.39,1.83,0,0,0,211000,2.77,3.078
25928.67969,2.41,1.88,0,0,0,211000,2.77,3.078
25928.67969,2.41,1.88,0,0,0,211000,2.77,3.078
25928.67969,2.41,1.88,0,0,0,203000,2.77,3.078
26258.41992,2.49,1.9,0,0,0,203000,2.77,3.078
26179.13086,2.48,1.9,0,0,0,203000,2.826,3.093
26218.13086,2.52,1.91,0,0,0,203000,2.826,3.093
26384.63086,2.51,1.9,0,0,0,203000,2.826,3.093
26424.99023,2.5,1.9,0,0,0,203000,2.826,3.093
26424.99023,2.5,1.9,0,0,0,203000,2.826,3.093
26424.99023,2.5,1.9,0,0,0,203000,2.826,3.093
26341.01953,2.52,1.91,0,0,0,203000,2.826,3.093
26150.58008,2.51,1.91,0,0,0,203000,2.912,3.118
26157.16016,2.48,1.94,0,0,0,203000,2.912,3.118
26143.05078,2.51,1.94,0,0,0,203000,2.912,3.118
26412.30078,2.56,1.95,0,0,0,203000,2.912,3.118
26412.30078,2.56,1.95,0,0,0,203000,2.912,3.118
26412.30078,2.56,1.95,0,0,0,226000,2.912,3.118
26384.76953,2.55,1.94,0,0,0,226000,2.912,3.118
26452.66016,2.6,1.96,0,0,0,226000,2.926,3.147
26449.53906,2.59,1.94,0,0,0,226000,2.926,3.147
26559.53906,2.57,1.95,0,0,0,226000,2.926,3.147
26559.53906,2.57,1.95,0,0,0,226000,2.926,3.147
26559.53906,2.57,1.95,0,0,0,226000,2.926,3.147
26559.53906,2.57,1.95,0,0,0,230000,2.926,3.147
26511.05078,2.59,1.95,0,0,0,230000,2.926,3.147
26656.39063,2.57,1.95,0,0,0,230000,2.972,3.169
26597.05078,2.53,1.96,0,0,0,230000,2.972,3.169
26462.08008,2.54,1.98,0,0,0,230000,2.972,3.169
26543.33008,2.51,1.97,0,0,0,230000,2.972,3.169
26543.33008,2.51,1.97,0,0,0,230000,2.972,3.169
26543.33008,2.51,1.97,0,0,0,225000,2.972,3.169
26554.39063,2.54,1.96,0,0,0,225000,2.972,3.169
26592.91016,2.51,1.95,0,0,0,225000,2.983,3.171
26430.14063,2.52,1.93,0,0,0,225000,2.983,3.171
26307.78906,2.55,1.89,0,0,0,225000,2.983,3.171
26504.94922,2.54,1.91,0,0,0,225000,2.983,3.171
26504.94922,2.54,1.91,0,0,0,225000,2.983,3.171
26504.94922,2.54,1.91,0,0,0,217000,2.983,3.171
26438.48047,2.51,1.91,0,0,0,217000,2.983,3.171
25965.08984,2.45,1.87,0,0,0,217000,2.954,3.16
25967.33008,2.49,1.87,0,0,0,217000,2.954,3.16
25828.35938,2.45,1.85,0,0,0,217000,2.954,3.16
25942.36914,2.47,1.88,0,0,0,217000,2.954,3.16
25942.36914,2.47,1.88,0,0,0,217000,2.954,3.16
25942.36914,2.47,1.88,0,0,0,213000,2.954,3.16
25324.99023,2.4,1.85,0,0,0,213000,2.954,3.16
25532.05078,2.42,1.86,0,0,0,213000,2.939,3.163
25648.01953,2.37,1.83,0,0,0,213000,2.939,3.163
25862.67969,2.4,1.84,0,0,0,213000,2.939,3.163
25764,2.39,1.81,0,0,0,213000,2.939,3.163
25764,2.39,1.81,0,0,0,213000,2.939,3.163
25764,2.39,1.81,0,0,0,218000,2.939,3.163
25679.90039,2.41,1.81,0,0,0,218000,2.939,3.163
25877.33008,2.43,1.83,0,0,0,218000,2.909,3.151
25776.60938,2.39,1.79,0,0,0,218000,2.909,3.151
25490.4707,2.31,1.73,0,0,0,218000,2.909,3.151
25585.68945,2.32,1.76,0,0,0,218000,2.909,3.151
25585.68945,2.32,1.76,0,0,0,218000,2.909,3.151
25585.68945,2.32,1.76,0,0,0,220000,2.909,3.151
25585.68945,2.32,1.76,0,0,0,220000,2.909,3.151
25347.76953,2.26,1.73,0,0,0,220000,2.893,3.136
25126.41016,2.25,1.75,0,0,0,220000,2.893,3.136
25169.88086,2.22,1.74,0,0,0,220000,2.893,3.136
24815.03906,2.14,1.74,0,0,0,220000,2.893,3.136
24815.03906,2.14,1.74,0,0,0,220000,2.893,3.136
24815.03906,2.14,1.74,0,0,0,220000,2.893,3.136
24819.7793,2.07,1.73,0,0,0,220000,2.893,3.136
25332.17969,2.12,1.74,0,0,0,220000,2.821,3.105
25539.57031,2.12,1.75,0,0,0,220000,2.821,3.105
25720.66016,2.12,1.73,0,0,0,220000,2.821,3.105
25983.93945,2.09,1.74,0,0,0,220000,2.821,3.105
25983.93945,2.09,1.74,0,0,0,220000,2.821,3.105
25983.93945,2.09,1.74,0,0,0,219000,2.821,3.105
26062.67969,2.15,1.73,0,0,0,219000,2.821,3.105
26048.50977,2.15,1.72,0,0,0,219000,2.759,3.07
26004.83008,2.13,1.71,0,0,0,219000,2.759,3.07
26106.76953,2.1,1.68,0,0,0,219000,2.759,3.07
26089.60938,2.09,1.63,0,0,0,219000,2.759,3.07
26089.60938,2.09,1.63,0,0,0,219000,2.759,3.07
26089.60938,2.09,1.63,0,0,0,224000,2.759,3.07
26112.5293,2.09,1.61,0,0,0,224000,2.759,3.07
26465.53906,2.06,1.64,0,0,0,224000,2.741,3.043
26504,2.03,1.67,0,0,0,224000,2.741,3.043
26753.16992,2.01,1.74,0,0,0,224000,2.741,3.043
26719.13086,2.07,1.73,0,0,0,224000,2.741,3.043
26719.13086,2.07,1.73,0,0,0,224000,2.741,3.043
26719.13086,2.07,1.73,0,0,0,222000,2.741,3.043
26727.53906,2.02,1.71,0,0,0,222000,2.741,3.043
26548.2207,2,1.67,0,0,0,222000,2.798,3.042
26536.82031,2.05,1.7,0,0,0,222000,2.798,3.042
26526.58008,2.01,1.68,0,0,0,222000,2.798,3.042
26599.96094,2,1.69,0,0,0,222000,2.798,3.042
26599.96094,2,1.69,0,0,0,222000,2.798,3.042
26599.96094,2,1.69,0,0,0,211000,2.798,3.042
26717.42969,2.03,1.69,0,0,0,211000,2.798,3.042
26786.67969,1.98,1.65,0,0,0,211000,2.827,3.055
26966,1.96,1.65,0,0,0,211000,2.827,3.055
26966,1.96,1.65,0,0,0,211000,2.827,3.055
26922.11914,2.04,1.69,0,0,0,211000,2.827,3.055
26922.11914,2.04,1.69,0,0,0,211000,2.827,3.055
26922.11914,2.04,1.69,0,0,0,217000,2.827,3.055
26806.14063,2.05,1.7,0,0,0,217000,2.827,3.055
26783.49023,2.07,1.71,0,0,0,217000,2.86,3.051
26860.19922,2.07,1.74,0,0,0,217000,2.86,3.051
27088.08008,2.13,1.77,0,0,0,217000,2.86,3.051
27332.0293,2.12,1.77,0,0,0,217000,2.86,3.051
27332.0293,2.12,1.77,0,0,0,217000,2.86,3.051
27332.0293,2.12,1.77,0,0,0,211000,2.86,3.051
27359.16016,2.09,1.77,0,0,0,211000,2.86,3.051
27335.63086,2.13,1.8,0,0,0,211000,2.833,3.044
27219.84961,2.06,1.75,0,0,0,211000,2.833,3.044
27222.9707,2.04,1.79,0,0,0,211000,2.833,3.044
27154.19922,2.05,1.8,0,0,0,211000,2.833,3.044
27154.19922,2.05,1.8,0,0,0,211000,2.833,3.044
27154.19922,2.05,1.8,0,0,0,216000,2.833,3.044
27171.90039,2.05,1.79,0,0,0,216000,2.833,3.044
27349.18945,2.08,1.81,0,0,0,216000,2.798,3.034
27269.9707,2.05,1.79,0,0,0,216000,2.798,3.034
27140.98047,2.08,1.8,0,0,0,216000,2.798,3.034
27192.44922,2.08,1.78,0,0,0,216000,2.798,3.034
27192.44922,2.08,1.78,0,0,0,216000,2.798,3.034
27192.44922,2.08,1.78,0,0,0,214000,2.798,3.034
27221.34961,2.06,1.77,0,0,0,214000,2.798,3.034
27198.01953,2.06,1.78,0,0,0,214000,2.772,3.032
26864.26953,2.02,1.76,0,0,0,214000,2.772,3.032
26583.41992,1.9,1.7,0,0,0,214000,2.772,3.032
26485.00977,1.86,1.66,0,0,0,214000,2.772,3.032
26485.00977,1.86,1.66,0,0,0,214000,2.772,3.032
26485.00977,1.86,1.66,0,0,0,218000,2.772,3.032
25717.74023,1.75,1.6,0,0,0,218000,2.772,3.032
26029.51953,1.73,1.62,0,0,0,218000,2.71,3.011
26007.07031,1.71,1.62,0,0,0,218000,2.71,3.011
26378.18945,1.72,1.65,0,0,0,218000,2.71,3.011
26287.43945,1.74,1.66,0,0,0,218000,2.71,3.011
26287.43945,1.74,1.66,0,0,0,218000,2.71,3.011
26287.43945,1.74,1.66,0,0,0,215000,2.71,3.011
25896.43945,1.65,1.61,0,0,0,215000,2.71,3.011
26279.91016,1.68,1.63,0,0,0,215000,2.684,2.994
25479.41992,1.59,1.57,0,0,0,215000,2.684,2.994
25579.39063,1.52,1.54,0,0,0,215000,2.684,2.994
25886.00977,1.55,1.54,0,0,0,215000,2.684,2.994
25886.00977,1.55,1.54,0,0,0,215000,2.684,2.994
25886.00977,1.55,1.54,0,0,0,215000,2.684,2.994
26135.78906,1.6,1.56,0,0,0,215000,2.684,2.994
25962.43945,1.55,1.53,0,0,0,215000,2.661,2.983
26202.73047,1.59,1.54,0,0,0,215000,2.661,2.983
26252.24023,1.62,1.55,0,0,0,215000,2.661,2.983
25628.90039,1.52,1.54,0,0,0,215000,2.661,2.983
25628.90039,1.52,1.54,0,0,0,215000,2.661,2.983
25628.90039,1.52,1.54,0,0,0,219000,2.661,2.983
25898.83008,1.54,1.54,0,0,0,219000,2.661,2.983
25777.90039,1.49,1.55,0,0,0,219000,2.651,2.976
26036.09961,1.47,1.55,0,0,0,219000,2.651,2.976
26362.25,1.5,1.59,0,0,0,219000,2.651,2.976
26403.2793,1.5,1.55,0,0,0,219000,2.651,2.976
26403.2793,1.5,1.55,0,0,0,219000,2.651,2.976
26403.2793,1.5,1.55,0,0,0,208000,2.651,2.976
26403.2793,1.5,1.55,0,0,0,208000,2.651,2.976
26118.01953,1.47,1.5,0,0,0,208000,2.638,2.971
26355.4707,1.47,1.51,0,0,0,208000,2.638,2.971
26728.15039,1.57,1.56,0,0,0,208000,2.638,2.971
26797.46094,1.55,1.54,0,0,0,208000,2.638,2.971
26797.46094,1.55,1.54,0,0,0,208000,2.638,2.971
26797.46094,1.55,1.54,0,0,0,211000,2.638,2.971
26835.50977,1.63,1.57,0,0,0,211000,2.638,2.971
26909.42969,1.72,1.6,0,0,0,211000,2.64,2.987
27137.03906,1.75,1.6,0,0,0,211000,2.64,2.987
27182.44922,1.79,1.63,0,0,0,211000,2.64,2.987
27219.51953,1.9,1.67,0,0,0,211000,2.64,2.987
27219.51953,1.9,1.67,0,0,0,211000,2.64,2.987
27219.51953,1.9,1.67,0,0,0,215000,2.64,2.987
27076.82031,1.84,1.67,0,0,0,215000,2.64,2.987
27110.80078,1.81,1.66,0,0,0,215000,2.741,3.081
27147.08008,1.8,1.59,0,0,0,215000,2.741,3.081
27094.78906,1.79,1.61,0,0,0,215000,2.741,3.081
26935.07031,1.74,1.61,0,0,0,215000,2.741,3.081
26935.07031,1.74,1.61,0,0,0,215000,2.741,3.081
26935.07031,1.74,1.61,0,0,0,218000,2.741,3.081
26949.99023,1.72,1.61,0,0,0,218000,2.741,3.081
26807.76953,1.64,1.58,0,0,0,218000,2.737,3.066
26970.71094,1.73,1.6,0,0,0,218000,2.737,3.066
26891.11914,1.7,1.57,0,0,0,218000,2.737,3.066
26820.25,1.69,1.53,0,0,0,218000,2.737,3.066
26820.25,1.69,1.53,0,0,0,218000,2.737,3.066
26820.25,1.69,1.53,0,0,0,212000,2.737,3.066
26916.83008,1.68,1.53,0,0,0,212000,2.737,3.066
26573.03906,1.65,1.52,0,0,0,212000,2.742,3.047
26078.61914,1.6,1.5,0,0,0,212000,2.742,3.047
26201.03906,1.54,1.48,0,0,0,212000,2.742,3.047
26573.7207,1.52,1.5,0,0,0,212000,2.742,3.047
26573.7207,1.52,1.5,0,0,0,212000,2.742,3.047
26573.7207,1.52,1.5,0,0,0,218000,2.742,3.047
26478.01953,1.56,1.51,0,0,0,218000,2.742,3.047
26164.03906,1.54,1.48,0,0,0,218000,2.727,3.051
26346.00977,1.59,1.49,0,0,0,218000,2.727,3.051
26496.66992,1.67,1.52,0,0,0,218000,2.727,3.051
26816.58984,1.76,1.56,0,0,0,218000,2.727,3.051
26816.58984,1.76,1.56,0,0,0,218000,2.727,3.051
26816.58984,1.76,1.56,0,0,0,213000,2.727,3.051
26787.35938,1.76,1.56,0,0,0,213000,2.727,3.051
27024.80078,1.77,1.56,0,0,0,213000,2.735,3.05
27001.98047,1.75,1.57,0,0,0,213000,2.735,3.05
27025.88086,1.76,1.59,0,0,0,213000,2.735,3.05
26770.19922,1.76,1.6,0,0,0,213000,2.735,3.05
26770.19922,1.76,1.6,0,0,0,213000,2.735,3.05
26770.19922,1.76,1.6,0,0,0,217000,2.735,3.05
26827.64063,1.8,1.61,0,0,0,217000,2.735,3.05
26788.09961,1.78,1.61,0,0,0,217000,2.692,3.064
26833.94922,1.77,1.61,0,0,0,217000,2.692,3.064
26805.5293,1.77,1.62,0,0,0,217000,2.692,3.064
26958.06055,1.8,1.65,0,0,0,217000,2.692,3.064
26958.06055,1.8,1.65,0,0,0,217000,2.692,3.064
26958.06055,1.8,1.65,0,0,0,212000,2.692,3.064
27090.7207,1.85,1.64,0,0,0,212000,2.692,3.064
27071.46094,1.84,1.61,0,0,0,212000,2.702,3.062
27186.68945,1.78,1.57,0,0,0,212000,2.702,3.062
27046.23047,1.69,1.54,0,0,0,212000,2.702,3.062
27347.35938,1.73,1.59,0,0,0,212000,2.702,3.062
27347.35938,1.73,1.59,0,0,0,212000,2.702,3.062
27347.35938,1.73,1.59,0,0,0,222000,2.702,3.062
27462.10938,1.79,1.64,0,0,0,222000,2.702,3.062
27492.63086,1.86,1.68,0,0,0,222000,2.711,3.073
27492.56055,1.81,1.66,0,0,0,222000,2.711,3.073
27674.80078,1.92,1.69,0,0,0,222000,2.711,3.073
27681.24023,1.94,1.71,0,0,0,222000,2.711,3.073
27681.24023,1.94,1.71,0,0,0,222000,2.711,3.073
27681.24023,1.94,1.71,0,0,0,223000,2.711,3.073
27691.49023,1.94,1.71,0,0,0,223000,2.711,3.073
27691.49023,1.92,1.7,0,0,0,223000,2.688,3.074
27783.58984,1.88,1.66,0,0,0,223000,2.688,3.074
27781.96094,1.82,1.62,0,0,0,223000,2.688,3.074
28004.89063,1.84,1.63,0,0,0,223000,2.688,3.074
28004.89063,1.84,1.63,0,0,0,223000,2.688,3.074
28004.89063,1.84,1.63,0,0,0,211000,2.688,3.074
28036.2207,1.81,1.63,0,0,0,211000,2.688,3.074
27934.01953,1.79,1.63,0,0,0,211000,2.672,3.066
27821.08984,1.73,1.6,0,0,0,211000,2.672,3.066
27766.28906,1.77,1.63,0,0,0,211000,2.672,3.066
27875.61914,1.77,1.62,0,0,0,211000,2.672,3.066
27875.61914,1.77,1.62,0,0,0,211000,2.672,3.066
27875.61914,1.77,1.62,0,0,0,206000,2.672,3.066
28066.4707,1.76,1.62,0,0,0,206000,2.672,3.066
28121.67969,1.74,1.62,0,0,0,206000,2.667,3.07
28164,1.77,1.63,0,0,0,206000,2.667,3.07
28164,1.77,1.63,0,0,0,206000,2.667,3.07
28051.41016,1.78,1.61,0,0,0,206000,2.667,3.07
28051.41016,1.78,1.61,0,0,0,206000,2.667,3.07
28051.41016,1.78,1.61,0,0,0,237000,2.667,3.07
27783.03906,1.83,1.65,0,0,0,237000,2.667,3.07
27502.81055,1.72,1.63,0,0,0,237000,2.652,3.049
27649.7793,1.77,1.66,0,0,0,237000,2.652,3.049
27677.78906,1.8,1.67,0,0,0,237000,2.652,3.049
28015.06055,1.84,1.69,0,0,0,237000,2.652,3.049
28015.06055,1.84,1.69,0,0,0,237000,2.652,3.049
28015.06055,1.84,1.69,0,0,0,229000,2.652,3.049
27909.59961,1.83,1.69,0,0,0,229000,2.652,3.049
27881.7207,1.85,1.71,0,0,0,229000,2.627,3.046
27911.30078,1.79,1.69,0,0,0,229000,2.627,3.046
28132.05078,1.9,1.72,0,0,0,229000,2.627,3.046
28135.38086,1.82,1.7,0,0,0,229000,2.627,3.046
28135.38086,1.82,1.7,0,0,0,229000,2.627,3.046
28135.38086,1.82,1.7,0,0,0,218000,2.627,3.046
28235.89063,1.89,1.73,0,0,0,218000,2.627,3.046
28267.16016,1.89,1.75,0,0,0,218000,2.621,3.041
28239.2793,1.92,1.76,0,0,0,218000,2.621,3.041
28376.96094,1.92,1.77,0,0,0,218000,2.621,3.041
28455.08984,1.92,1.77,0,0,0,218000,2.621,3.041
28455.08984,1.92,1.77,0,0,0,218000,2.621,3.041
28455.08984,1.92,1.77,0,0,0,220000,2.621,3.041
28551.5293,1.93,1.75,0,0,0,220000,2.621,3.041
28515.44922,1.9,1.75,0,0,0,220000,2.658,3.069
28515.44922,1.9,1.75,0,0,0,220000,2.658,3.069
28621.39063,1.9,1.74,0,0,0,220000,2.658,3.069
28645.25977,1.88,1.73,0,0,0,220000,2.658,3.069
28645.25977,1.88,1.73,0,0,0,220000,2.658,3.069
28645.25977,1.88,1.73,0,0,0,212000,2.658,3.069
28462.14063,1.9,1.75,0,0,0,212000,2.658,3.069
28538.43945,1.92,1.77,0,0,0,212000,2.665,3.079
28538.43945,1.92,1.77,0,0,0,212000,2.665,3.079
28868.80078,1.88,1.8,0,0,0,212000,2.665,3.079
28634.88086,1.8,1.77,0,0,0,212000,2.665,3.079
28634.88086,1.8,1.77,0,0,0,212000,2.665,3.079
28634.88086,1.8,1.77,0,0,0,207000,2.665,3.079
28703.38086,1.81,1.75,0,0,0,207000,2.665,3.079
28583.67969,1.83,1.74,0,0,0,207000,2.657,3.064
28745.08984,1.87,1.75,0,0,0,207000,2.657,3.064
28956.90039,1.85,1.74,0,0,0,207000,2.657,3.064
28823.76953,1.83,1.76,0,0,0,207000,2.657,3.064
28823.76953,1.83,1.76,0,0,0,207000,2.657,3.064
28823.76953,1.83,1.76,0,0,0,220000,2.657,3.064
28907.05078,1.85,1.77,0,0,0,220000,2.657,3.064
28939.66992,1.82,1.77,0,0,0,220000,2.625,3.037
29030.2207,1.79,1.75,0,0,0,220000,2.625,3.037
29297.64063,1.81,1.74,0,0,0,220000,2.625,3.037
29348.09961,1.84,1.75,0,0,0,220000,2.625,3.037
29348.09961,1.84,1.75,0,0,0,220000,2.625,3.037
29348.09961,1.84,1.75,0,0,0,212000,2.625,3.037
29348.09961,1.84,1.75,0,0,0,212000,2.625,3.037
29196.03906,1.78,1.74,0,0,0,212000,2.595,3.01
29186.26953,1.77,1.72,1,0,0,212000,2.595,3.01
29160.08984,1.74,1.7,1,0,0,212000,2.595,3.01
28989.73047,1.7,1.68,2,0,0,212000,2.595,3.01
28989.73047,1.7,1.68,2,0,0,212000,2.595,3.01
28989.73047,1.7,1.68,5,0,0,201000,2.595,3.01
28535.80078,1.61,1.63,5,0,0,201000,2.595,3.01
28722.84961,1.65,1.65,5,0,0,201000,2.546,2.956
28734.44922,1.6,1.64,5,0,0,201000,2.546,2.956
28859.43945,1.57,1.64,5,0,0,201000,2.546,2.956
28256.0293,1.51,1.65,7,0,0,201000,2.546,2.956
28256.0293,1.51,1.65,8,0,0,201000,2.546,2.956
28256.0293,1.51,1.65,8,0,0,204000,2.546,2.956
28399.81055,1.54,1.63,11,0,0,204000,2.546,2.956
28807.63086,1.61,1.64,11,0,0,204000,2.511,2.91
29290.84961,1.66,1.66,11,0,0,204000,2.511,2.91
29379.76953,1.65,1.67,11,0,0,204000,2.511,2.91
29102.50977,1.59,1.66,11,0,0,204000,2.511,2.91
29102.50977,1.59,1.66,11,0,0,204000,2.511,2.91
29102.50977,1.59,1.66,11,3,0,215000,2.511,2.91
29276.82031,1.56,1.66,11,3,0,215000,2.511,2.91
29276.33984,1.59,1.65,12,3,0,215000,2.518,2.89
29551.41992,1.62,1.66,12,3,0,215000,2.518,2.89
29423.31055,1.61,1.67,13,3,0,215000,2.518,2.89
29398.08008,1.59,1.66,13,3,0,215000,2.518,2.89
29398.08008,1.59,1.66,13,3,0,215000,2.518,2.89
29398.08008,1.59,1.66,13,3,0,220000,2.518,2.89
29398.08008,1.59,1.66,13,3,0,220000,2.518,2.89
29232.18945,1.55,1.65,13,3,0,220000,2.555,2.882
29348.0293,1.56,1.65,13,3,0,220000,2.555,2.882
29219.98047,1.52,1.63,13,3,0,220000,2.555,2.882
28992.41016,1.46,1.61,15,5,0,220000,2.555,2.882
28992.41016,1.46,1.61,15,5,0,220000,2.555,2.882
28992.41016,1.46,1.61,15,5,0,217000,2.555,2.882
27960.80078,1.38,1.59,51,5,0,217000,2.555,2.882
27081.35938,1.33,1.53,51,6,0,217000,2.514,2.851
26957.58984,1.33,1.54,57,6,0,217000,2.514,2.851
25766.64063,1.3,1.53,58,6,0,217000,2.514,2.851
25409.35938,1.13,1.41,60,7,0,217000,2.514,2.851
25409.35938,1.13,1.41,68,7,1,217000,2.514,2.851
25409.35938,1.13,1.41,74,7,1,211000,2.514,2.851
26703.32031,1.1,1.41,98,7,6,211000,2.514,2.851
25917.41016,1.02,1.45,118,7,7,211000,2.468,2.814
27090.85938,1.02,1.46,149,7,11,211000,2.468,2.814
26121.2793,0.92,1.4,217,7,12,211000,2.468,2.814
25864.7793,0.74,1.31,262,7,14,211000,2.468,2.814
25864.7793,0.74,1.31,402,7,17,211000,2.468,2.814
25864.7793,0.74,1.31,518,7,21,282000,2.468,2.814
23851.01953,0.54,0.99,583,7,22,282000,2.468,2.814
25018.16016,0.76,1,959,8,28,282000,2.343,2.733
23553.2207,0.82,0.96,1281,8,36,282000,2.343,2.733
21200.61914,0.88,0.92,1663,12,41,282000,2.343,2.733
23185.61914,0.94,0.9,2179,12,49,282000,2.343,2.733
23185.61914,0.94,0.9,2727,12,58,282000,2.343,2.733
23185.61914,0.94,0.9,3499,12,73,3307000,2.343,2.733
20188.51953,0.73,0.73,4632,17,99,3307000,2.343,2.733
21237.38086,1.02,0.63,6421,17,133,3307000,2.217,2.659
19898.91992,1.18,0.63,7783,105,164,3307000,2.217,2.659
20087.18945,1.12,0.5,13747,121,258,3307000,2.217,2.659
19173.98047,0.92,0.75,19273,147,349,3307000,2.217,2.659
19173.98047,0.92,0.75,25600,176,442,3307000,2.217,2.659
19173.98047,0.92,0.75,33276,178,586,6867000,2.217,2.659
18591.92969,0.76,0.8,43843,178,786,6867000,2.217,2.659
20704.91016,0.84,0.97,53736,348,1008,6867000,2.103,2.586
