key_0,Adj Close (^GSPC),Volume (^GSPC),Adj Close (^DJI),Volume  (^DJI),Adj Close (^IXIC),Volume (^IXIC),Adj Close (^W5000),Volume (^W5000),DGS10 [%],T10YIE[%],Confirmed COVID-19 cases,Recovered COVID-19 cases,Deaths due to COVID-19 ,Initial unemployment claims (Seasonally adjusted),Weekly U.S. All Grades All Formulations Retail Gasoline Prices  (Dollars per Gallon),Weekly U.S. No 2 Diesel Retail Prices  (Dollars per Gallon)
2019-01-02,2510.030029,3733160000.0,23346.24023,321570000.0,6665.939941,2261800000.0,25794.7207,0.0,2.66,1.7,0.0,0.0,0.0,220000.0,2.329,3.013
2019-01-03,2447.889893,3822860000.0,22686.2207,424240000.0,6463.5,2607290000.0,25200.50977,0.0,2.56,1.68,0.0,0.0,0.0,220000.0,2.329,3.013
2019-01-04,2531.939941,4213410000.0,23433.16016,396020000.0,6738.859863,2579550000.0,26080.80078,0.0,2.67,1.76,0.0,0.0,0.0,220000.0,2.329,3.013
2019-01-05,2531.939941,4213410000.0,23433.16016,396020000.0,6738.859863,2579550000.0,26080.80078,0.0,2.67,1.76,0.0,0.0,0.0,220000.0,2.329,3.013
2019-01-06,2531.939941,4213410000.0,23433.16016,396020000.0,6738.859863,2579550000.0,26080.80078,0.0,2.67,1.76,0.0,0.0,0.0,216000.0,2.329,3.013
2019-01-07,2549.689941,4104710000.0,23531.34961,334200000.0,6823.470215,2507550000.0,26331.38086,0.0,2.7,1.78,0.0,0.0,0.0,216000.0,2.329,3.013
2019-01-08,2574.409912,4083030000.0,23787.44922,317420000.0,6897.0,2380290000.0,26613.78906,0.0,2.73,1.82,0.0,0.0,0.0,216000.0,2.338,2.976
2019-01-09,2584.959961,4052480000.0,23879.11914,324570000.0,6957.080078,2422590000.0,26741.41016,0.0,2.74,1.83,0.0,0.0,0.0,216000.0,2.338,2.976
2019-01-10,2596.639893,3704500000.0,24001.91992,338150000.0,6986.069823999999,2179080000.0,26853.7207,0.0,2.74,1.81,0.0,0.0,0.0,216000.0,2.338,2.976
2019-01-11,2596.26001,3434490000.0,23995.94922,262650000.0,6971.47998,2066500000.0,26855.23047,0.0,2.71,1.83,0.0,0.0,0.0,216000.0,2.338,2.976
2019-01-12,2596.26001,3434490000.0,23995.94922,262650000.0,6971.47998,2066500000.0,26855.23047,0.0,2.71,1.83,0.0,0.0,0.0,216000.0,2.338,2.976
2019-01-13,2596.26001,3434490000.0,23995.94922,262650000.0,6971.47998,2066500000.0,26855.23047,0.0,2.71,1.83,0.0,0.0,0.0,209000.0,2.338,2.976
2019-01-14,2582.610107,3664450000.0,23909.83984,277560000.0,6905.919922,1942210000.0,26697.68945,0.0,2.71,1.81,0.0,0.0,0.0,209000.0,2.338,2.976
2019-01-15,2610.300049,3572330000.0,24065.58984,291570000.0,7023.830078,2038090000.0,26979.59961,0.0,2.72,1.81,0.0,0.0,0.0,209000.0,2.34,2.965
2019-01-16,2616.100098,3863770000.0,24207.16016,302830000.0,7034.689941,2149580000.0,27059.56055,0.0,2.73,1.82,0.0,0.0,0.0,209000.0,2.34,2.965
2019-01-17,2635.959961,3772270000.0,24370.09961,288590000.0,7084.459961,2128840000.0,27266.44922,0.0,2.75,1.79,0.0,0.0,0.0,209000.0,2.34,2.965
2019-01-18,2670.709961,3986730000.0,24706.34961,372970000.0,7157.22998,2451240000.0,27617.2793,0.0,2.79,1.83,0.0,0.0,0.0,209000.0,2.34,2.965
2019-01-19,2670.709961,3986730000.0,24706.34961,372970000.0,7157.22998,2451240000.0,27617.2793,0.0,2.79,1.83,0.0,0.0,0.0,209000.0,2.34,2.965
2019-01-20,2670.709961,3986730000.0,24706.34961,372970000.0,7157.22998,2451240000.0,27617.2793,0.0,2.79,1.83,0.0,0.0,0.0,236000.0,2.34,2.965
2019-01-21,2670.709961,3986730000.0,24706.34961,372970000.0,7157.22998,2451240000.0,27617.2793,0.0,2.79,1.83,0.0,0.0,0.0,236000.0,2.34,2.965
2019-01-22,2632.899902,3908030000.0,24404.48047,338480000.0,7020.359863,2380950000.0,27214.48047,0.0,2.74,1.79,0.0,0.0,0.0,236000.0,2.343,2.965
2019-01-23,2638.699951,3335610000.0,24575.61914,318600000.0,7025.77002,2274420000.0,27256.94922,0.0,2.76,1.8,0.0,0.0,0.0,236000.0,2.343,2.965
2019-01-24,2642.330078,3433250000.0,24553.24023,320170000.0,7073.459961,2400290000.0,27323.83008,0.0,2.72,1.77,0.0,0.0,0.0,236000.0,2.343,2.965
2019-01-25,2664.76001,3814080000.0,24737.19922,376890000.0,7164.859863,2440840000.0,27580.24023,0.0,2.76,1.79,0.0,0.0,0.0,236000.0,2.343,2.965
2019-01-26,2664.76001,3814080000.0,24737.19922,376890000.0,7164.859863,2440840000.0,27580.24023,0.0,2.76,1.79,0.0,0.0,0.0,236000.0,2.343,2.965
2019-01-27,2664.76001,3814080000.0,24737.19922,376890000.0,7164.859863,2440840000.0,27580.24023,0.0,2.76,1.79,0.0,0.0,0.0,230000.0,2.343,2.965
2019-01-28,2643.850098,3612810000.0,24528.2207,347170000.0,7085.680176000001,2435480000.0,27384.11914,0.0,2.75,1.78,0.0,0.0,0.0,230000.0,2.343,2.965
2019-01-29,2640.0,3504200000.0,24579.96094,330870000.0,7028.290039,2089690000.0,27336.81055,0.0,2.72,1.78,0.0,0.0,0.0,230000.0,2.341,2.966
2019-01-30,2681.050049,3867810000.0,25014.85938,397330000.0,7183.080078,2544050000.0,27741.539060000003,0.0,2.7,1.84,0.0,0.0,0.0,230000.0,2.341,2.966
2019-01-31,2704.100098,4917650000.0,24999.66992,507350000.0,7281.740234000001,2918710000.0,27992.410160000003,0.0,2.63,1.85,0.0,0.0,0.0,230000.0,2.341,2.966
2019-02-01,2706.530029,3759270000.0,25063.89063,372090000.0,7263.870117,2383430000.0,28026.69922,0.0,2.7,1.88,0.0,0.0,0.0,230000.0,2.341,2.966
2019-02-02,2706.530029,3759270000.0,25063.89063,372090000.0,7263.870117,2383430000.0,28026.69922,0.0,2.7,1.88,0.0,0.0,0.0,230000.0,2.341,2.966
2019-02-03,2706.530029,3759270000.0,25063.89063,372090000.0,7263.870117,2383430000.0,28026.69922,0.0,2.7,1.88,0.0,0.0,0.0,228000.0,2.341,2.966
2019-02-04,2724.8701170000004,3359840000.0,25239.36914,298540000.0,7347.540039,2099470000.0,28232.81055,0.0,2.73,1.87,0.0,0.0,0.0,228000.0,2.341,2.966
2019-02-05,2737.699951,3560430000.0,25411.51953,310650000.0,7402.080078,2265520000.0,28362.589839999997,0.0,2.71,1.87,0.0,0.0,0.0,228000.0,2.361,2.966
2019-02-06,2731.610107,3472690000.0,25390.30078,247590000.0,7375.279785,2167130000.0,28292.56055,0.0,2.7,1.86,0.0,0.0,0.0,228000.0,2.361,2.966
2019-02-07,2706.050049,4099490000.0,25169.5293,295460000.0,7288.350098000001,2295080000.0,28038.61914,0.0,2.65,1.84,0.0,0.0,0.0,228000.0,2.361,2.966
2019-02-08,2707.8798829999996,3622330000.0,25106.33008,248210000.0,7298.200195,2086260000.0,28056.58008,0.0,2.63,1.82,0.0,0.0,0.0,228000.0,2.361,2.966
2019-02-09,2707.8798829999996,3622330000.0,25106.33008,248210000.0,7298.200195,2086260000.0,28056.58008,0.0,2.63,1.82,0.0,0.0,0.0,228000.0,2.361,2.966
2019-02-10,2707.8798829999996,3622330000.0,25106.33008,248210000.0,7298.200195,2086260000.0,28056.58008,0.0,2.63,1.82,0.0,0.0,0.0,218000.0,2.361,2.966
2019-02-11,2709.800049,3361970000.0,25053.10938,241700000.0,7307.899901999999,1897800000.0,28103.91992,0.0,2.65,1.82,0.0,0.0,0.0,218000.0,2.361,2.966
2019-02-12,2744.72998,3827770000.0,25425.75977,278110000.0,7414.620117,2124330000.0,28462.49023,0.0,2.68,1.83,0.0,0.0,0.0,218000.0,2.4,3.006
2019-02-13,2753.030029,3670770000.0,25543.26953,263330000.0,7420.379883,2093800000.0,28548.5293,0.0,2.71,1.86,0.0,0.0,0.0,218000.0,2.4,3.006
2019-02-14,2745.72998,3836700000.0,25439.39063,313010000.0,7426.950195,2103370000.0,28493.25977,0.0,2.66,1.85,0.0,0.0,0.0,218000.0,2.4,3.006
2019-02-15,2775.600098,3641370000.0,25883.25,328530000.0,7472.410156,2257750000.0,28804.289060000003,0.0,2.66,1.86,0.0,0.0,0.0,218000.0,2.4,3.006
2019-02-16,2775.600098,3641370000.0,25883.25,328530000.0,7472.410156,2257750000.0,28804.289060000003,0.0,2.66,1.86,0.0,0.0,0.0,218000.0,2.4,3.006
2019-02-17,2775.600098,3641370000.0,25883.25,328530000.0,7472.410156,2257750000.0,28804.289060000003,0.0,2.66,1.86,0.0,0.0,0.0,224000.0,2.4,3.006
2019-02-18,2775.600098,3641370000.0,25883.25,328530000.0,7472.410156,2257750000.0,28804.289060000003,0.0,2.66,1.86,0.0,0.0,0.0,224000.0,2.4,3.006
2019-02-19,2779.76001,3533710000.0,25891.32031,280620000.0,7486.77002,2120790000.0,28862.429689999997,0.0,2.65,1.87,0.0,0.0,0.0,224000.0,2.471,3.048
2019-02-20,2784.699951,3835450000.0,25954.43945,287880000.0,7489.069823999999,2181760000.0,28905.49023,0.0,2.65,1.89,0.0,0.0,0.0,224000.0,2.471,3.048
2019-02-21,2774.8798829999996,3559710000.0,25850.63086,255710000.0,7459.709961,2119080000.0,28799.30078,0.0,2.69,1.91,0.0,0.0,0.0,224000.0,2.471,3.048
2019-02-22,2792.669922,3427810000.0,26031.81055,279760000.0,7527.540039,2417680000.0,28986.289060000003,0.0,2.65,1.91,0.0,0.0,0.0,224000.0,2.471,3.048
2019-02-23,2792.669922,3427810000.0,26031.81055,279760000.0,7527.540039,2417680000.0,28986.289060000003,0.0,2.65,1.91,0.0,0.0,0.0,224000.0,2.471,3.048
2019-02-24,2792.669922,3427810000.0,26031.81055,279760000.0,7527.540039,2417680000.0,28986.289060000003,0.0,2.65,1.91,0.0,0.0,0.0,220000.0,2.471,3.048
2019-02-25,2796.110107,3804380000.0,26091.94922,281600000.0,7554.459961,2363140000.0,29021.31055,0.0,2.67,1.92,0.0,0.0,0.0,220000.0,2.471,3.048
2019-02-26,2793.899902,3645680000.0,26057.98047,257850000.0,7549.299805,2257710000.0,28970.36914,0.0,2.64,1.92,0.0,0.0,0.0,220000.0,2.502,3.076
2019-02-27,2792.3798829999996,3767130000.0,25985.16016,255380000.0,7554.509765999999,2423360000.0,28990.7207,0.0,2.69,1.93,0.0,0.0,0.0,220000.0,2.502,3.076
2019-02-28,2784.48999,4396930000.0,25916.0,338520000.0,7532.529785,2647080000.0,28903.30078,0.0,2.73,1.95,0.0,0.0,0.0,220000.0,2.502,3.076
2019-03-01,2803.689941,3972280000.0,26026.32031,289890000.0,7595.350098000001,2463190000.0,29102.589839999997,0.0,2.76,1.96,0.0,0.0,0.0,220000.0,2.502,3.076
2019-03-02,2803.689941,3972280000.0,26026.32031,289890000.0,7595.350098000001,2463190000.0,29102.589839999997,0.0,2.76,1.96,0.0,0.0,0.0,220000.0,2.502,3.076
2019-03-03,2803.689941,3972280000.0,26026.32031,289890000.0,7595.350098000001,2463190000.0,29102.589839999997,0.0,2.76,1.96,0.0,0.0,0.0,224000.0,2.502,3.076
2019-03-04,2792.810059,3919810000.0,25819.65039,295510000.0,7577.569823999999,2569590000.0,28963.16992,0.0,2.72,1.94,0.0,0.0,0.0,224000.0,2.502,3.076
2019-03-05,2789.649902,3585690000.0,25806.63086,252260000.0,7576.359863,2142610000.0,28923.10938,0.0,2.72,1.93,0.0,0.0,0.0,224000.0,2.549,3.079
2019-03-06,2771.449951,3786600000.0,25673.46094,256250000.0,7505.919922,2242810000.0,28686.55078,0.0,2.69,1.91,0.0,0.0,0.0,224000.0,2.549,3.079
2019-03-07,2748.929932,3904860000.0,25473.23047,289140000.0,7421.459961,2440840000.0,28463.0,0.0,2.64,1.9,0.0,0.0,0.0,224000.0,2.549,3.079
2019-03-08,2743.070068,3423130000.0,25450.24023,270500000.0,7408.140137,2245430000.0,28402.18945,0.0,2.62,1.9,0.0,0.0,0.0,224000.0,2.549,3.079
2019-03-09,2743.070068,3423130000.0,25450.24023,270500000.0,7408.140137,2245430000.0,28402.18945,0.0,2.62,1.9,0.0,0.0,0.0,224000.0,2.549,3.079
2019-03-10,2743.070068,3423130000.0,25450.24023,270500000.0,7408.140137,2245430000.0,28402.18945,0.0,2.62,1.9,0.0,0.0,0.0,219000.0,2.549,3.079
2019-03-11,2783.300049,3749030000.0,25650.88086,309790000.0,7558.060059,2226950000.0,28828.74023,0.0,2.64,1.91,0.0,0.0,0.0,219000.0,2.549,3.079
2019-03-12,2791.52002,3414230000.0,25554.66016,317730000.0,7591.029785,2161400000.0,28905.089839999997,0.0,2.61,1.9,0.0,0.0,0.0,219000.0,2.625,3.07
2019-03-13,2810.919922,3766150000.0,25702.89063,331410000.0,7643.410156,2366350000.0,29095.58008,0.0,2.61,1.92,0.0,0.0,0.0,219000.0,2.625,3.07
2019-03-14,2808.47998,3469730000.0,25709.93945,302790000.0,7630.910156,2176510000.0,29064.429689999997,0.0,2.63,1.94,0.0,0.0,0.0,219000.0,2.625,3.07
2019-03-15,2822.47998,5962730000.0,25848.86914,616910000.0,7688.529785,3447190000.0,29193.75,0.0,2.59,1.94,0.0,0.0,0.0,219000.0,2.625,3.07
2019-03-16,2822.47998,5962730000.0,25848.86914,616910000.0,7688.529785,3447190000.0,29193.75,0.0,2.59,1.94,0.0,0.0,0.0,219000.0,2.625,3.07
2019-03-17,2822.47998,5962730000.0,25848.86914,616910000.0,7688.529785,3447190000.0,29193.75,0.0,2.59,1.94,0.0,0.0,0.0,215000.0,2.625,3.07
2019-03-18,2832.939941,3552190000.0,25914.09961,399530000.0,7714.47998,2274490000.0,29322.710939999997,0.0,2.6,1.96,0.0,0.0,0.0,215000.0,2.625,3.07
2019-03-19,2832.570068,3620220000.0,25887.38086,342250000.0,7723.950195,2433160000.0,29297.55078,0.0,2.61,1.95,0.0,0.0,0.0,215000.0,2.701,3.08
2019-03-20,2824.22998,3771200000.0,25745.66992,321980000.0,7728.970215,2424400000.0,29200.55078,0.0,2.54,1.96,0.0,0.0,0.0,215000.0,2.701,3.08
2019-03-21,2854.8798829999996,3546800000.0,25962.50977,335250000.0,7838.959961,2483580000.0,29530.24023,0.0,2.54,1.96,0.0,0.0,0.0,215000.0,2.701,3.08
2019-03-22,2800.709961,4237200000.0,25502.32031,386510000.0,7642.669922,2490730000.0,28909.55078,0.0,2.44,1.9,0.0,0.0,0.0,215000.0,2.701,3.08
2019-03-23,2800.709961,4237200000.0,25502.32031,386510000.0,7642.669922,2490730000.0,28909.55078,0.0,2.44,1.9,0.0,0.0,0.0,215000.0,2.701,3.08
2019-03-24,2800.709961,4237200000.0,25502.32031,386510000.0,7642.669922,2490730000.0,28909.55078,0.0,2.44,1.9,0.0,0.0,0.0,211000.0,2.701,3.08
2019-03-25,2798.360107,3376580000.0,25516.83008,303120000.0,7637.540039,2130230000.0,28891.56055,0.0,2.43,1.88,0.0,0.0,0.0,211000.0,2.701,3.08
2019-03-26,2818.459961,3266050000.0,25657.73047,305110000.0,7691.52002,2068900000.0,29110.69922,0.0,2.41,1.86,0.0,0.0,0.0,211000.0,2.77,3.078
2019-03-27,2805.3701170000004,3372930000.0,25625.58984,270340000.0,7643.379883,2221650000.0,28967.789060000003,0.0,2.39,1.84,0.0,0.0,0.0,211000.0,2.77,3.078
2019-03-28,2815.439941,3158170000.0,25717.46094,237170000.0,7669.169922,1902060000.0,29083.83008,0.0,2.39,1.83,0.0,0.0,0.0,211000.0,2.77,3.078
2019-03-29,2834.399902,3740700000.0,25928.67969,300620000.0,7729.319823999999,2233470000.0,29266.910160000003,0.0,2.41,1.88,0.0,0.0,0.0,211000.0,2.77,3.078
2019-03-30,2834.399902,3740700000.0,25928.67969,300620000.0,7729.319823999999,2233470000.0,29266.910160000003,0.0,2.41,1.88,0.0,0.0,0.0,211000.0,2.77,3.078
2019-03-31,2834.399902,3740700000.0,25928.67969,300620000.0,7729.319823999999,2233470000.0,29266.910160000003,0.0,2.41,1.88,0.0,0.0,0.0,203000.0,2.77,3.078
2019-04-01,2867.189941,3500760000.0,26258.41992,295570000.0,7828.910156,2198050000.0,29607.429689999997,0.0,2.49,1.9,0.0,0.0,0.0,203000.0,2.77,3.078
2019-04-02,2867.23999,3246900000.0,26179.13086,250940000.0,7848.689941,2110100000.0,29565.16992,0.0,2.48,1.9,0.0,0.0,0.0,203000.0,2.826,3.093
2019-04-03,2873.399902,3550240000.0,26218.13086,271980000.0,7895.549805,2487210000.0,29680.51953,0.0,2.52,1.91,0.0,0.0,0.0,203000.0,2.826,3.093
2019-04-04,2879.389893,3015180000.0,26384.63086,233040000.0,7891.779785,2094200000.0,29727.23047,0.0,2.51,1.9,0.0,0.0,0.0,203000.0,2.826,3.093
2019-04-05,2892.73999,3146820000.0,26424.99023,229550000.0,7938.689941,2148730000.0,29887.039060000003,0.0,2.5,1.9,0.0,0.0,0.0,203000.0,2.826,3.093
2019-04-06,2892.73999,3146820000.0,26424.99023,229550000.0,7938.689941,2148730000.0,29887.039060000003,0.0,2.5,1.9,0.0,0.0,0.0,203000.0,2.826,3.093
2019-04-07,2892.73999,3146820000.0,26424.99023,229550000.0,7938.689941,2148730000.0,29887.039060000003,0.0,2.5,1.9,0.0,0.0,0.0,203000.0,2.826,3.093
2019-04-08,2895.77002,3054030000.0,26341.01953,229380000.0,7953.879883,2069190000.0,29908.90039,0.0,2.52,1.91,0.0,0.0,0.0,203000.0,2.826,3.093
2019-04-09,2878.199951,3007980000.0,26150.58008,244410000.0,7909.279785,2067570000.0,29710.98047,0.0,2.51,1.91,0.0,0.0,0.0,203000.0,2.912,3.118
2019-04-10,2888.209961,3062380000.0,26157.16016,203130000.0,7964.240234000001,1998280000.0,29860.76953,0.0,2.48,1.94,0.0,0.0,0.0,203000.0,2.912,3.118
2019-04-11,2888.320068,2938540000.0,26143.05078,211680000.0,7947.359863,1956840000.0,29866.00977,0.0,2.51,1.94,0.0,0.0,0.0,203000.0,2.912,3.118
2019-04-12,2907.409912,3688490000.0,26412.30078,369910000.0,7984.160156,1955290000.0,30059.93945,0.0,2.56,1.95,0.0,0.0,0.0,203000.0,2.912,3.118
2019-04-13,2907.409912,3688490000.0,26412.30078,369910000.0,7984.160156,1955290000.0,30059.93945,0.0,2.56,1.95,0.0,0.0,0.0,203000.0,2.912,3.118
2019-04-14,2907.409912,3688490000.0,26412.30078,369910000.0,7984.160156,1955290000.0,30059.93945,0.0,2.56,1.95,0.0,0.0,0.0,226000.0,2.912,3.118
2019-04-15,2905.580078,3088330000.0,26384.76953,250620000.0,7976.009765999999,1816920000.0,30030.55078,0.0,2.55,1.94,0.0,0.0,0.0,226000.0,2.912,3.118
2019-04-16,2907.060059,3402210000.0,26452.66016,302340000.0,8000.22998,2095330000.0,30047.660160000003,0.0,2.6,1.96,0.0,0.0,0.0,226000.0,2.926,3.147
2019-04-17,2900.449951,3602300000.0,26449.53906,367780000.0,7996.080078,2290690000.0,29943.64063,0.0,2.59,1.94,0.0,0.0,0.0,226000.0,2.926,3.147
2019-04-18,2905.030029,3506850000.0,26559.53906,332850000.0,7998.060059,2089360000.0,29981.13086,0.0,2.57,1.95,0.0,0.0,0.0,226000.0,2.926,3.147
2019-04-19,2905.030029,3506850000.0,26559.53906,332850000.0,7998.060059,2089360000.0,29981.13086,0.0,2.57,1.95,0.0,0.0,0.0,226000.0,2.926,3.147
2019-04-20,2905.030029,3506850000.0,26559.53906,332850000.0,7998.060059,2089360000.0,29981.13086,0.0,2.57,1.95,0.0,0.0,0.0,226000.0,2.926,3.147
2019-04-21,2905.030029,3506850000.0,26559.53906,332850000.0,7998.060059,2089360000.0,29981.13086,0.0,2.57,1.95,0.0,0.0,0.0,230000.0,2.926,3.147
2019-04-22,2907.969971,2997950000.0,26511.05078,232570000.0,8015.27002,1776060000.0,30010.0293,0.0,2.59,1.95,0.0,0.0,0.0,230000.0,2.926,3.147
2019-04-23,2933.679932,3635030000.0,26656.39063,311690000.0,8120.819823999999,2075070000.0,30300.710939999997,0.0,2.57,1.95,0.0,0.0,0.0,230000.0,2.972,3.169
2019-04-24,2927.25,3448960000.0,26597.05078,283370000.0,8102.009765999999,2022490000.0,30247.30078,0.0,2.53,1.96,0.0,0.0,0.0,230000.0,2.972,3.169
2019-04-25,2926.169922,3425280000.0,26462.08008,296730000.0,8118.680176000001,2063270000.0,30208.63086,0.0,2.54,1.98,0.0,0.0,0.0,230000.0,2.972,3.169
2019-04-26,2939.8798829999996,3248500000.0,26543.33008,317290000.0,8146.399901999999,1971270000.0,30371.11914,0.0,2.51,1.97,0.0,0.0,0.0,230000.0,2.972,3.169
2019-04-27,2939.8798829999996,3248500000.0,26543.33008,317290000.0,8146.399901999999,1971270000.0,30371.11914,0.0,2.51,1.97,0.0,0.0,0.0,230000.0,2.972,3.169
2019-04-28,2939.8798829999996,3248500000.0,26543.33008,317290000.0,8146.399901999999,1971270000.0,30371.11914,0.0,2.51,1.97,0.0,0.0,0.0,225000.0,2.972,3.169
2019-04-29,2943.030029,3118780000.0,26554.39063,279450000.0,8161.850098000001,1761110000.0,30415.55078,0.0,2.54,1.96,0.0,0.0,0.0,225000.0,2.972,3.169
2019-04-30,2945.830078,3919330000.0,26592.91016,340320000.0,8095.390137,2115770000.0,30410.01953,0.0,2.51,1.95,0.0,0.0,0.0,225000.0,2.983,3.171
2019-05-01,2923.72998,3645850000.0,26430.14063,303850000.0,8049.640137,2247420000.0,30181.0,0.0,2.52,1.93,0.0,0.0,0.0,225000.0,2.983,3.171
2019-05-02,2917.52002,3778890000.0,26307.78906,287610000.0,8036.77002,2158600000.0,30127.5,0.0,2.55,1.89,0.0,0.0,0.0,225000.0,2.983,3.171
2019-05-03,2945.639893,3338120000.0,26504.94922,248900000.0,8164.0,2046040000.0,30460.589839999997,0.0,2.54,1.91,0.0,0.0,0.0,225000.0,2.983,3.171
2019-05-04,2945.639893,3338120000.0,26504.94922,248900000.0,8164.0,2046040000.0,30460.589839999997,0.0,2.54,1.91,0.0,0.0,0.0,225000.0,2.983,3.171
2019-05-05,2945.639893,3338120000.0,26504.94922,248900000.0,8164.0,2046040000.0,30460.589839999997,0.0,2.54,1.91,0.0,0.0,0.0,217000.0,2.983,3.171
2019-05-06,2932.469971,3181520000.0,26438.48047,283020000.0,8123.290039,1966120000.0,30343.69922,0.0,2.51,1.91,0.0,0.0,0.0,217000.0,2.983,3.171
2019-05-07,2884.050049,3767100000.0,25965.08984,334960000.0,7963.759765999999,2376660000.0,29837.11914,0.0,2.45,1.87,0.0,0.0,0.0,217000.0,2.954,3.16
2019-05-08,2879.419922,3485790000.0,25967.33008,276420000.0,7943.319823999999,2175100000.0,29779.39063,0.0,2.49,1.87,0.0,0.0,0.0,217000.0,2.954,3.16
2019-05-09,2870.719971,3638820000.0,25828.35938,334760000.0,7910.589844,2520770000.0,29694.40039,0.0,2.45,1.85,0.0,0.0,0.0,217000.0,2.954,3.16
2019-05-10,2881.399902,3529600000.0,25942.36914,294580000.0,7916.939941,2387720000.0,29801.59961,0.0,2.47,1.88,0.0,0.0,0.0,217000.0,2.954,3.16
2019-05-11,2881.399902,3529600000.0,25942.36914,294580000.0,7916.939941,2387720000.0,29801.59961,0.0,2.47,1.88,0.0,0.0,0.0,217000.0,2.954,3.16
2019-05-12,2881.399902,3529600000.0,25942.36914,294580000.0,7916.939941,2387720000.0,29801.59961,0.0,2.47,1.88,0.0,0.0,0.0,213000.0,2.954,3.16
2019-05-13,2811.8701170000004,3894030000.0,25324.99023,361240000.0,7647.02002,2478860000.0,29041.40039,0.0,2.4,1.85,0.0,0.0,0.0,213000.0,2.954,3.16
2019-05-14,2834.409912,3322720000.0,25532.05078,291570000.0,7734.490234000001,2084850000.0,29299.99023,0.0,2.42,1.86,0.0,0.0,0.0,213000.0,2.939,3.163
2019-05-15,2850.959961,3125950000.0,25648.01953,270720000.0,7822.149901999999,2001530000.0,29471.339839999997,0.0,2.37,1.83,0.0,0.0,0.0,213000.0,2.939,3.163
2019-05-16,2876.320068,3338060000.0,25862.67969,320960000.0,7898.049805,2163120000.0,29729.88086,0.0,2.4,1.84,0.0,0.0,0.0,213000.0,2.939,3.163
2019-05-17,2859.530029,3257950000.0,25764.0,283760000.0,7816.279785,2134120000.0,29521.59961,0.0,2.39,1.81,0.0,0.0,0.0,213000.0,2.939,3.163
2019-05-18,2859.530029,3257950000.0,25764.0,283760000.0,7816.279785,2134120000.0,29521.59961,0.0,2.39,1.81,0.0,0.0,0.0,213000.0,2.939,3.163
2019-05-19,2859.530029,3257950000.0,25764.0,283760000.0,7816.279785,2134120000.0,29521.59961,0.0,2.39,1.81,0.0,0.0,0.0,218000.0,2.939,3.163
2019-05-20,2840.22998,3288870000.0,25679.90039,279560000.0,7702.379883,2122410000.0,29318.08008,0.0,2.41,1.81,0.0,0.0,0.0,218000.0,2.939,3.163
2019-05-21,2864.360107,3218700000.0,25877.33008,260870000.0,7785.720215,1993210000.0,29586.84961,0.0,2.43,1.83,0.0,0.0,0.0,218000.0,2.909,3.151
2019-05-22,2856.27002,3192510000.0,25776.60938,241760000.0,7750.839844,1881830000.0,29476.820310000003,0.0,2.39,1.79,0.0,0.0,0.0,218000.0,2.909,3.151
2019-05-23,2822.23999,3891980000.0,25490.4707,316940000.0,7628.279785,2243420000.0,29081.570310000003,0.0,2.31,1.73,0.0,0.0,0.0,218000.0,2.909,3.151
2019-05-24,2826.060059,2887390000.0,25585.68945,201370000.0,7637.009765999999,1682920000.0,29147.589839999997,0.0,2.32,1.76,0.0,0.0,0.0,218000.0,2.909,3.151
2019-05-25,2826.060059,2887390000.0,25585.68945,201370000.0,7637.009765999999,1682920000.0,29147.589839999997,0.0,2.32,1.76,0.0,0.0,0.0,218000.0,2.909,3.151
2019-05-26,2826.060059,2887390000.0,25585.68945,201370000.0,7637.009765999999,1682920000.0,29147.589839999997,0.0,2.32,1.76,0.0,0.0,0.0,220000.0,2.909,3.151
2019-05-27,2826.060059,2887390000.0,25585.68945,201370000.0,7637.009765999999,1682920000.0,29147.589839999997,0.0,2.32,1.76,0.0,0.0,0.0,220000.0,2.909,3.151
2019-05-28,2802.389893,4121410000.0,25347.76953,358980000.0,7607.350098000001,2352670000.0,28918.91992,0.0,2.26,1.73,0.0,0.0,0.0,220000.0,2.893,3.136
2019-05-29,2783.02002,3700050000.0,25126.41016,298930000.0,7547.310059,2278790000.0,28710.15039,0.0,2.25,1.75,0.0,0.0,0.0,220000.0,2.893,3.136
2019-05-30,2788.860107,3273790000.0,25169.88086,215240000.0,7567.720215,1872000000.0,28748.31055,0.0,2.22,1.74,0.0,0.0,0.0,220000.0,2.893,3.136
2019-05-31,2752.060059,3981020000.0,24815.03906,292230000.0,7453.149901999999,2236940000.0,28369.39063,0.0,2.14,1.74,0.0,0.0,0.0,220000.0,2.893,3.136
2019-06-01,2752.060059,3981020000.0,24815.03906,292230000.0,7453.149901999999,2236940000.0,28369.39063,0.0,2.14,1.74,0.0,0.0,0.0,220000.0,2.893,3.136
2019-06-02,2752.060059,3981020000.0,24815.03906,292230000.0,7453.149901999999,2236940000.0,28369.39063,0.0,2.14,1.74,0.0,0.0,0.0,220000.0,2.893,3.136
2019-06-03,2744.449951,3943810000.0,24819.7793,328240000.0,7333.02002,2576920000.0,28258.679689999997,0.0,2.07,1.73,0.0,0.0,0.0,220000.0,2.893,3.136
2019-06-04,2803.27002,3810430000.0,25332.17969,281690000.0,7527.120117,2369150000.0,28904.91992,0.0,2.12,1.74,0.0,0.0,0.0,220000.0,2.821,3.105
2019-06-05,2826.149902,3548830000.0,25539.57031,262660000.0,7575.47998,2115570000.0,29101.18945,0.0,2.12,1.75,0.0,0.0,0.0,220000.0,2.821,3.105
2019-06-06,2843.48999,3396410000.0,25720.66016,248070000.0,7615.549805,2070940000.0,29249.820310000003,0.0,2.12,1.73,0.0,0.0,0.0,220000.0,2.821,3.105
2019-06-07,2873.340088,3220250000.0,25983.93945,263010000.0,7742.100098000001,2066020000.0,29545.539060000003,0.0,2.09,1.74,0.0,0.0,0.0,220000.0,2.821,3.105
2019-06-08,2873.340088,3220250000.0,25983.93945,263010000.0,7742.100098000001,2066020000.0,29545.539060000003,0.0,2.09,1.74,0.0,0.0,0.0,220000.0,2.821,3.105
2019-06-09,2873.340088,3220250000.0,25983.93945,263010000.0,7742.100098000001,2066020000.0,29545.539060000003,0.0,2.09,1.74,0.0,0.0,0.0,219000.0,2.821,3.105
2019-06-10,2886.72998,3209210000.0,26062.67969,249280000.0,7823.169922,2049370000.0,29698.69922,0.0,2.15,1.73,0.0,0.0,0.0,219000.0,2.821,3.105
2019-06-11,2885.719971,3548420000.0,26048.50977,253490000.0,7822.569823999999,2114680000.0,29674.55078,0.0,2.15,1.72,0.0,0.0,0.0,219000.0,2.759,3.07
2019-06-12,2879.840088,3034130000.0,26004.83008,223690000.0,7792.720215,1952790000.0,29622.089839999997,0.0,2.13,1.71,0.0,0.0,0.0,219000.0,2.759,3.07
2019-06-13,2891.639893,3069810000.0,26106.76953,213400000.0,7837.129883,1838930000.0,29763.59961,0.0,2.1,1.68,0.0,0.0,0.0,219000.0,2.759,3.07
2019-06-14,2886.97998,2922330000.0,26089.60938,208020000.0,7796.660156,1804340000.0,29684.75,0.0,2.09,1.63,0.0,0.0,0.0,219000.0,2.759,3.07
2019-06-15,2886.97998,2922330000.0,26089.60938,208020000.0,7796.660156,1804340000.0,29684.75,0.0,2.09,1.63,0.0,0.0,0.0,219000.0,2.759,3.07
2019-06-16,2886.97998,2922330000.0,26089.60938,208020000.0,7796.660156,1804340000.0,29684.75,0.0,2.09,1.63,0.0,0.0,0.0,224000.0,2.759,3.07
2019-06-17,2889.669922,2810140000.0,26112.5293,199500000.0,7845.02002,1935290000.0,29735.38086,0.0,2.09,1.61,0.0,0.0,0.0,224000.0,2.759,3.07
2019-06-18,2917.75,3437620000.0,26465.53906,273490000.0,7953.879883,2244920000.0,30028.66992,0.0,2.06,1.64,0.0,0.0,0.0,224000.0,2.741,3.043
2019-06-19,2926.459961,3287890000.0,26504.0,240950000.0,7987.319823999999,2014080000.0,30128.960939999997,0.0,2.03,1.67,0.0,0.0,0.0,224000.0,2.741,3.043
2019-06-20,2954.179932,3905940000.0,26753.16992,278170000.0,8051.339844,2053530000.0,30394.59961,0.0,2.01,1.74,0.0,0.0,0.0,224000.0,2.741,3.043
2019-06-21,2950.459961,5000120000.0,26719.13086,485560000.0,8031.709961,2894340000.0,30321.86914,0.0,2.07,1.73,0.0,0.0,0.0,224000.0,2.741,3.043
2019-06-22,2950.459961,5000120000.0,26719.13086,485560000.0,8031.709961,2894340000.0,30321.86914,0.0,2.07,1.73,0.0,0.0,0.0,224000.0,2.741,3.043
2019-06-23,2950.459961,5000120000.0,26719.13086,485560000.0,8031.709961,2894340000.0,30321.86914,0.0,2.07,1.73,0.0,0.0,0.0,222000.0,2.741,3.043
2019-06-24,2945.350098,3136250000.0,26727.53906,232390000.0,8005.700195,2070370000.0,30216.2793,0.0,2.02,1.71,0.0,0.0,0.0,222000.0,2.741,3.043
2019-06-25,2917.3798829999996,3578050000.0,26548.2207,282160000.0,7884.720215,2127310000.0,29927.08008,0.0,2.0,1.67,0.0,0.0,0.0,222000.0,2.798,3.042
2019-06-26,2913.780029,3478130000.0,26536.82031,274340000.0,7909.970215,2104750000.0,29892.2207,0.0,2.05,1.7,0.0,0.0,0.0,222000.0,2.798,3.042
2019-06-27,2924.919922,3122920000.0,26526.58008,246930000.0,7967.759765999999,2023120000.0,30069.410160000003,0.0,2.01,1.68,0.0,0.0,0.0,222000.0,2.798,3.042
2019-06-28,2941.76001,5420700000.0,26599.96094,499350000.0,8006.240234000001,4078990000.0,30268.05078,0.0,2.0,1.69,0.0,0.0,0.0,222000.0,2.798,3.042
2019-06-29,2941.76001,5420700000.0,26599.96094,499350000.0,8006.240234000001,4078990000.0,30268.05078,0.0,2.0,1.69,0.0,0.0,0.0,222000.0,2.798,3.042
2019-06-30,2941.76001,5420700000.0,26599.96094,499350000.0,8006.240234000001,4078990000.0,30268.05078,0.0,2.0,1.69,0.0,0.0,0.0,211000.0,2.798,3.042
2019-07-01,2964.330078,3513270000.0,26717.42969,267670000.0,8091.160156,2208900000.0,30485.460939999997,0.0,2.03,1.69,0.0,0.0,0.0,211000.0,2.798,3.042
2019-07-02,2973.01001,3206840000.0,26786.67969,219270000.0,8109.089844,1946320000.0,30551.83008,0.0,1.98,1.65,0.0,0.0,0.0,211000.0,2.827,3.055
2019-07-03,2995.820068,1963720000.0,26966.0,149840000.0,8170.22998,1548190000.0,30794.65039,0.0,1.96,1.65,0.0,0.0,0.0,211000.0,2.827,3.055
2019-07-04,2995.820068,1963720000.0,26966.0,149840000.0,8170.22998,1548190000.0,30794.65039,0.0,1.96,1.65,0.0,0.0,0.0,211000.0,2.827,3.055
2019-07-05,2990.409912,2434210000.0,26922.11914,192170000.0,8161.790039,149410000.0,30763.7207,0.0,2.04,1.69,0.0,0.0,0.0,211000.0,2.827,3.055
2019-07-06,2990.409912,2434210000.0,26922.11914,192170000.0,8161.790039,149410000.0,30763.7207,0.0,2.04,1.69,0.0,0.0,0.0,211000.0,2.827,3.055
2019-07-07,2990.409912,2434210000.0,26922.11914,192170000.0,8161.790039,149410000.0,30763.7207,0.0,2.04,1.69,0.0,0.0,0.0,217000.0,2.827,3.055
2019-07-08,2975.949951,2904550000.0,26806.14063,214290000.0,8098.379883,177320000.0,30598.14063,0.0,2.05,1.7,0.0,0.0,0.0,217000.0,2.827,3.055
2019-07-09,2979.6298829999996,3028210000.0,26783.49023,218330000.0,8141.72998,1866770000.0,30654.929689999997,0.0,2.07,1.71,0.0,0.0,0.0,217000.0,2.86,3.051
2019-07-10,2993.070068,3154240000.0,26860.19922,207990000.0,8202.530273,2060510000.0,30785.65039,0.0,2.07,1.74,0.0,0.0,0.0,217000.0,2.86,3.051
2019-07-11,2999.909912,3154620000.0,27088.08008,252300000.0,8196.040039,1966970000.0,30829.570310000003,0.0,2.13,1.77,0.0,0.0,0.0,217000.0,2.86,3.051
2019-07-12,3013.77002,2974960000.0,27332.0293,248390000.0,8244.139648,1824870000.0,30984.929689999997,0.0,2.12,1.77,0.0,0.0,0.0,217000.0,2.86,3.051
2019-07-13,3013.77002,2974960000.0,27332.0293,248390000.0,8244.139648,1824870000.0,30984.929689999997,0.0,2.12,1.77,0.0,0.0,0.0,217000.0,2.86,3.051
2019-07-14,3013.77002,2974960000.0,27332.0293,248390000.0,8244.139648,1824870000.0,30984.929689999997,0.0,2.12,1.77,0.0,0.0,0.0,211000.0,2.86,3.051
2019-07-15,3014.300049,2874970000.0,27359.160160000003,199730000.0,8258.19043,1783980000.0,30978.34961,0.0,2.09,1.77,0.0,0.0,0.0,211000.0,2.86,3.051
2019-07-16,3004.040039,3290650000.0,27335.63086,226000000.0,8222.799805,1933960000.0,30884.210939999997,0.0,2.13,1.8,0.0,0.0,0.0,211000.0,2.833,3.044
2019-07-17,2984.419922,3181600000.0,27219.84961,193930000.0,8185.209961,1846960000.0,30691.69922,0.0,2.06,1.75,0.0,0.0,0.0,211000.0,2.833,3.044
2019-07-18,2995.110107,3296580000.0,27222.9707,216070000.0,8207.240234,2016310000.0,30788.50977,0.0,2.04,1.79,0.0,0.0,0.0,211000.0,2.833,3.044
2019-07-19,2976.610107,3260360000.0,27154.19922,287690000.0,8146.490234000001,1878730000.0,30607.58008,0.0,2.05,1.8,0.0,0.0,0.0,211000.0,2.833,3.044
2019-07-20,2976.610107,3260360000.0,27154.19922,287690000.0,8146.490234000001,1878730000.0,30607.58008,0.0,2.05,1.8,0.0,0.0,0.0,211000.0,2.833,3.044
2019-07-21,2976.610107,3260360000.0,27154.19922,287690000.0,8146.490234000001,1878730000.0,30607.58008,0.0,2.05,1.8,0.0,0.0,0.0,216000.0,2.833,3.044
2019-07-22,2985.030029,3003720000.0,27171.90039,216310000.0,8204.139648,1845770000.0,30687.68945,0.0,2.05,1.79,0.0,0.0,0.0,216000.0,2.833,3.044
2019-07-23,3005.469971,3313660000.0,27349.18945,248850000.0,8251.400391,1832220000.0,30888.56055,0.0,2.08,1.81,0.0,0.0,0.0,216000.0,2.798,3.034
2019-07-24,3019.560059,3428980000.0,27269.9707,244320000.0,8321.5,1947550000.0,31086.14063,0.0,2.05,1.79,0.0,0.0,0.0,216000.0,2.798,3.034
2019-07-25,3003.669922,3645270000.0,27140.98047,241420000.0,8238.540039,2023130000.0,30895.40039,0.0,2.08,1.8,0.0,0.0,0.0,216000.0,2.798,3.034
2019-07-26,3025.860107,3257590000.0,27192.44922,233650000.0,8330.209961,1954350000.0,31146.51953,0.0,2.08,1.78,0.0,0.0,0.0,216000.0,2.798,3.034
2019-07-27,3025.860107,3257590000.0,27192.44922,233650000.0,8330.209961,1954350000.0,31146.51953,0.0,2.08,1.78,0.0,0.0,0.0,216000.0,2.798,3.034
2019-07-28,3025.860107,3257590000.0,27192.44922,233650000.0,8330.209961,1954350000.0,31146.51953,0.0,2.08,1.78,0.0,0.0,0.0,214000.0,2.798,3.034
2019-07-29,3020.969971,3203710000.0,27221.34961,250850000.0,8293.330078,1874780000.0,31046.63086,0.0,2.06,1.77,0.0,0.0,0.0,214000.0,2.798,3.034
2019-07-30,3013.179932,3634330000.0,27198.01953,293250000.0,8273.610352,1884300000.0,31005.35938,0.0,2.06,1.78,0.0,0.0,0.0,214000.0,2.772,3.032
2019-07-31,2980.3798829999996,4623430000.0,26864.26953,385150000.0,8175.419922,2667060000.0,30684.820310000003,0.0,2.02,1.76,0.0,0.0,0.0,214000.0,2.772,3.032
2019-08-01,2953.560059,4762300000.0,26583.41992,386320000.0,8111.120117,2792650000.0,30376.89063,0.0,1.9,1.7,0.0,0.0,0.0,214000.0,2.772,3.032
2019-08-02,2932.050049,3874660000.0,26485.00977,327640000.0,8004.069823999999,2252550000.0,30120.89063,0.0,1.86,1.66,0.0,0.0,0.0,214000.0,2.772,3.032
2019-08-03,2932.050049,3874660000.0,26485.00977,327640000.0,8004.069823999999,2252550000.0,30120.89063,0.0,1.86,1.66,0.0,0.0,0.0,214000.0,2.772,3.032
2019-08-04,2932.050049,3874660000.0,26485.00977,327640000.0,8004.069823999999,2252550000.0,30120.89063,0.0,1.86,1.66,0.0,0.0,0.0,218000.0,2.772,3.032
2019-08-05,2844.73999,4513730000.0,25717.74023,422240000.0,7726.040039,2636740000.0,29213.539060000003,0.0,1.75,1.6,0.0,0.0,0.0,218000.0,2.772,3.032
2019-08-06,2881.77002,4154240000.0,26029.51953,318160000.0,7833.27002,2201610000.0,29578.64063,0.0,1.73,1.62,0.0,0.0,0.0,218000.0,2.71,3.011
2019-08-07,2883.97998,4491750000.0,26007.07031,344790000.0,7862.830078,2453230000.0,29605.839839999997,0.0,1.71,1.62,0.0,0.0,0.0,218000.0,2.71,3.011
2019-08-08,2938.090088,4106370000.0,26378.18945,282530000.0,8039.160156,2415670000.0,30177.570310000003,0.0,1.72,1.65,0.0,0.0,0.0,218000.0,2.71,3.011
2019-08-09,2918.649902,3350640000.0,26287.43945,240260000.0,7959.140137,2224330000.0,29945.65039,0.0,1.74,1.66,0.0,0.0,0.0,218000.0,2.71,3.011
2019-08-10,2918.649902,3350640000.0,26287.43945,240260000.0,7959.140137,2224330000.0,29945.65039,0.0,1.74,1.66,0.0,0.0,0.0,218000.0,2.71,3.011
2019-08-11,2918.649902,3350640000.0,26287.43945,240260000.0,7959.140137,2224330000.0,29945.65039,0.0,1.74,1.66,0.0,0.0,0.0,215000.0,2.71,3.011
2019-08-12,2882.699951,2851630000.0,25896.43945,199390000.0,7863.410156,2056360000.0,29561.09961,0.0,1.65,1.61,0.0,0.0,0.0,215000.0,2.71,3.011
2019-08-13,2926.320068,3853600000.0,26279.91016,308900000.0,8016.359863,2346980000.0,29979.51953,0.0,1.68,1.63,0.0,0.0,0.0,215000.0,2.684,2.994
2019-08-14,2840.600098,4312530000.0,25479.41992,352250000.0,7773.939941,2522870000.0,29107.05078,0.0,1.59,1.57,0.0,0.0,0.0,215000.0,2.684,2.994
2019-08-15,2847.600098,4038000000.0,25579.39063,332600000.0,7766.620117,2182590000.0,29156.38086,0.0,1.52,1.54,0.0,0.0,0.0,215000.0,2.684,2.994
2019-08-16,2888.679932,3498150000.0,25886.00977,276210000.0,7895.990234000001,1995130000.0,29597.93945,0.0,1.55,1.54,0.0,0.0,0.0,215000.0,2.684,2.994
2019-08-17,2888.679932,3498150000.0,25886.00977,276210000.0,7895.990234000001,1995130000.0,29597.93945,0.0,1.55,1.54,0.0,0.0,0.0,215000.0,2.684,2.994
2019-08-18,2888.679932,3498150000.0,25886.00977,276210000.0,7895.990234000001,1995130000.0,29597.93945,0.0,1.55,1.54,0.0,0.0,0.0,215000.0,2.684,2.994
2019-08-19,2923.649902,3212880000.0,26135.78906,252640000.0,8002.810059,1934980000.0,29938.93945,0.0,1.6,1.56,0.0,0.0,0.0,215000.0,2.684,2.994
2019-08-20,2900.51001,3066300000.0,25962.43945,238100000.0,7948.560059,1747580000.0,29715.75,0.0,1.55,1.53,0.0,0.0,0.0,215000.0,2.661,2.983
2019-08-21,2924.429932,3011190000.0,26202.73047,208790000.0,8020.209961,1716370000.0,29961.00977,0.0,1.59,1.54,0.0,0.0,0.0,215000.0,2.661,2.983
2019-08-22,2922.949951,2890880000.0,26252.24023,222810000.0,7991.390137,1777630000.0,29936.820310000003,0.0,1.62,1.55,0.0,0.0,0.0,215000.0,2.661,2.983
2019-08-23,2847.110107,3937300000.0,25628.90039,364260000.0,7751.77002,2207070000.0,29154.10938,0.0,1.52,1.54,0.0,0.0,0.0,215000.0,2.661,2.983
2019-08-24,2847.110107,3937300000.0,25628.90039,364260000.0,7751.77002,2207070000.0,29154.10938,0.0,1.52,1.54,0.0,0.0,0.0,215000.0,2.661,2.983
2019-08-25,2847.110107,3937300000.0,25628.90039,364260000.0,7751.77002,2207070000.0,29154.10938,0.0,1.52,1.54,0.0,0.0,0.0,219000.0,2.661,2.983
2019-08-26,2878.3798829999996,2857600000.0,25898.83008,222780000.0,7853.740234000001,1688860000.0,29461.43945,0.0,1.54,1.54,0.0,0.0,0.0,219000.0,2.661,2.983
2019-08-27,2869.159912,3533630000.0,25777.90039,263530000.0,7826.950195,1913760000.0,29326.10938,0.0,1.49,1.55,0.0,0.0,0.0,219000.0,2.651,2.976
2019-08-28,2887.939941,3097420000.0,26036.09961,207070000.0,7856.879883,1656930000.0,29523.63086,0.0,1.47,1.55,0.0,0.0,0.0,219000.0,2.651,2.976
2019-08-29,2924.580078,3176190000.0,26362.25,208650000.0,7973.390137,1700840000.0,29911.06055,0.0,1.5,1.59,0.0,0.0,0.0,219000.0,2.651,2.976
2019-08-30,2926.459961,3008450000.0,26403.2793,2190810000.0,7962.879883,1665840000.0,29925.34961,0.0,1.5,1.55,0.0,0.0,0.0,219000.0,2.651,2.976
2019-08-31,2926.459961,3008450000.0,26403.2793,2190810000.0,7962.879883,1665840000.0,29925.34961,0.0,1.5,1.55,0.0,0.0,0.0,219000.0,2.651,2.976
2019-09-01,2926.459961,3008450000.0,26403.2793,2190810000.0,7962.879883,1665840000.0,29925.34961,0.0,1.5,1.55,0.0,0.0,0.0,208000.0,2.651,2.976
2019-09-02,2926.459961,3008450000.0,26403.2793,2190810000.0,7962.879883,1665840000.0,29925.34961,0.0,1.5,1.55,0.0,0.0,0.0,208000.0,2.651,2.976
2019-09-03,2906.27002,3426790000.0,26118.01953,223210000.0,7874.160156,1936210000.0,29691.58008,0.0,1.47,1.5,0.0,0.0,0.0,208000.0,2.638,2.971
2019-09-04,2937.780029,3163260000.0,26355.4707,202710000.0,7976.879883,1891300000.0,30014.289060000003,0.0,1.47,1.51,0.0,0.0,0.0,208000.0,2.638,2.971
2019-09-05,2976.0,3890700000.0,26728.15039,256670000.0,8116.830078,2096300000.0,30407.210939999997,0.0,1.57,1.56,0.0,0.0,0.0,208000.0,2.638,2.971
2019-09-06,2978.709961,3208280000.0,26797.46094,209700000.0,8103.069823999999,1876380000.0,30398.679689999997,0.0,1.55,1.54,0.0,0.0,0.0,208000.0,2.638,2.971
2019-09-07,2978.709961,3208280000.0,26797.46094,209700000.0,8103.069823999999,1876380000.0,30398.679689999997,0.0,1.55,1.54,0.0,0.0,0.0,208000.0,2.638,2.971
2019-09-08,2978.709961,3208280000.0,26797.46094,209700000.0,8103.069823999999,1876380000.0,30398.679689999997,0.0,1.55,1.54,0.0,0.0,0.0,211000.0,2.638,2.971
2019-09-09,2978.429932,4002890000.0,26835.50977,273120000.0,8087.439941,2172240000.0,30426.15039,0.0,1.63,1.57,0.0,0.0,0.0,211000.0,2.638,2.971
2019-09-10,2979.389893,4390770000.0,26909.429689999997,322340000.0,8084.160156,2362860000.0,30467.94922,0.0,1.72,1.6,0.0,0.0,0.0,211000.0,2.64,2.987
2019-09-11,3000.929932,3927550000.0,27137.039060000003,272590000.0,8169.680176000001,2310440000.0,30722.7207,0.0,1.75,1.6,0.0,0.0,0.0,211000.0,2.64,2.987
2019-09-12,3009.570068,3791860000.0,27182.44922,250010000.0,8194.469727,2159260000.0,30785.63086,0.0,1.79,1.63,0.0,0.0,0.0,211000.0,2.64,2.987
2019-09-13,3007.389893,3520060000.0,27219.51953,255260000.0,8176.709961,1976770000.0,30764.5,0.0,1.9,1.67,0.0,0.0,0.0,211000.0,2.64,2.987
2019-09-14,3007.389893,3520060000.0,27219.51953,255260000.0,8176.709961,1976770000.0,30764.5,0.0,1.9,1.67,0.0,0.0,0.0,211000.0,2.64,2.987
2019-09-15,3007.389893,3520060000.0,27219.51953,255260000.0,8176.709961,1976770000.0,30764.5,0.0,1.9,1.67,0.0,0.0,0.0,215000.0,2.64,2.987
2019-09-16,2997.959961,4274640000.0,27076.820310000003,220620000.0,8153.540039,1869220000.0,30717.91992,0.0,1.84,1.67,0.0,0.0,0.0,215000.0,2.64,2.987
2019-09-17,3005.699951,3671840000.0,27110.80078,223580000.0,8186.02002,1850340000.0,30780.63086,0.0,1.81,1.66,0.0,0.0,0.0,215000.0,2.741,3.081
2019-09-18,3006.72998,3435540000.0,27147.08008,212860000.0,8177.390137,2034880000.0,30762.58008,0.0,1.8,1.59,0.0,0.0,0.0,215000.0,2.741,3.081
2019-09-19,3006.790039,3251290000.0,27094.789060000003,212360000.0,8182.879883,1792700000.0,30750.09961,0.0,1.79,1.61,0.0,0.0,0.0,215000.0,2.741,3.081
2019-09-20,2992.070068,6094740000.0,26935.070310000003,497640000.0,8117.669922,3359380000.0,30609.51953,0.0,1.74,1.61,0.0,0.0,0.0,215000.0,2.741,3.081
2019-09-21,2992.070068,6094740000.0,26935.070310000003,497640000.0,8117.669922,3359380000.0,30609.51953,0.0,1.74,1.61,0.0,0.0,0.0,215000.0,2.741,3.081
2019-09-22,2992.070068,6094740000.0,26935.070310000003,497640000.0,8117.669922,3359380000.0,30609.51953,0.0,1.74,1.61,0.0,0.0,0.0,218000.0,2.741,3.081
2019-09-23,2991.780029,3186590000.0,26949.99023,204240000.0,8112.459961,1780160000.0,30606.5,0.0,1.72,1.61,0.0,0.0,0.0,218000.0,2.741,3.081
2019-09-24,2966.600098,3868160000.0,26807.76953,301750000.0,7993.629883,2302600000.0,30302.320310000003,0.0,1.64,1.58,0.0,0.0,0.0,218000.0,2.737,3.066
2019-09-25,2984.8701170000004,3318870000.0,26970.710939999997,237220000.0,8077.379883,2015270000.0,30506.5,0.0,1.73,1.6,0.0,0.0,0.0,218000.0,2.737,3.066
2019-09-26,2977.6201170000004,3077240000.0,26891.11914,229180000.0,8030.660156,1832800000.0,30394.44922,0.0,1.7,1.57,0.0,0.0,0.0,218000.0,2.737,3.066
2019-09-27,2961.790039,3243650000.0,26820.25,217780000.0,7939.629883,2037720000.0,30204.05078,0.0,1.69,1.53,0.0,0.0,0.0,218000.0,2.737,3.066
2019-09-28,2961.790039,3243650000.0,26820.25,217780000.0,7939.629883,2037720000.0,30204.05078,0.0,1.69,1.53,0.0,0.0,0.0,218000.0,2.737,3.066
2019-09-29,2961.790039,3243650000.0,26820.25,217780000.0,7939.629883,2037720000.0,30204.05078,0.0,1.69,1.53,0.0,0.0,0.0,212000.0,2.737,3.066
2019-09-30,2976.73999,3247610000.0,26916.83008,222680000.0,7999.339844,1805820000.0,30351.91992,0.0,1.68,1.53,0.0,0.0,0.0,212000.0,2.737,3.066
2019-10-01,2940.25,3558040000.0,26573.03906,260110000.0,7908.680176000001,2243650000.0,29815.98047,0.0,1.65,1.52,0.0,0.0,0.0,212000.0,2.742,3.047
2019-10-02,2887.610107,3912520000.0,26078.61914,309640000.0,7785.25,2495160000.0,29461.18945,0.0,1.6,1.5,0.0,0.0,0.0,212000.0,2.742,3.047
2019-10-03,2910.6298829999996,3503640000.0,26201.03906,241610000.0,7872.259765999999,2141490000.0,29698.589839999997,0.0,1.54,1.48,0.0,0.0,0.0,212000.0,2.742,3.047
2019-10-04,2952.01001,2990830000.0,26573.7207,221310000.0,7982.470215,1736890000.0,30092.89063,0.0,1.52,1.5,0.0,0.0,0.0,212000.0,2.742,3.047
2019-10-05,2952.01001,2990830000.0,26573.7207,221310000.0,7982.470215,1736890000.0,30092.89063,0.0,1.52,1.5,0.0,0.0,0.0,212000.0,2.742,3.047
2019-10-06,2952.01001,2990830000.0,26573.7207,221310000.0,7982.470215,1736890000.0,30092.89063,0.0,1.52,1.5,0.0,0.0,0.0,218000.0,2.742,3.047
2019-10-07,2938.790039,2940140000.0,26478.01953,195200000.0,7956.290039,1739450000.0,29976.5,0.0,1.56,1.51,0.0,0.0,0.0,218000.0,2.742,3.047
2019-10-08,2893.060059,3356450000.0,26164.03906,244590000.0,7823.779785,1933580000.0,29504.89063,0.0,1.54,1.48,0.0,0.0,0.0,218000.0,2.727,3.051
2019-10-09,2919.399902,2726820000.0,26346.00977,190060000.0,7903.740234000001,1553900000.0,29755.06055,0.0,1.59,1.49,0.0,0.0,0.0,218000.0,2.727,3.051
2019-10-10,2938.1298829999996,3217250000.0,26496.66992,217680000.0,7950.779785,1778740000.0,29924.41992,0.0,1.67,1.52,0.0,0.0,0.0,218000.0,2.727,3.051
2019-10-11,2970.27002,3580460000.0,26816.58984,282080000.0,8057.040039,2176080000.0,30278.0293,0.0,1.76,1.56,0.0,0.0,0.0,218000.0,2.727,3.051
2019-10-12,2970.27002,3580460000.0,26816.58984,282080000.0,8057.040039,2176080000.0,30278.0293,0.0,1.76,1.56,0.0,0.0,0.0,218000.0,2.727,3.051
2019-10-13,2970.27002,3580460000.0,26816.58984,282080000.0,8057.040039,2176080000.0,30278.0293,0.0,1.76,1.56,0.0,0.0,0.0,213000.0,2.727,3.051
2019-10-14,2966.149902,2557020000.0,26787.35938,178620000.0,8048.649901999999,1419730000.0,30225.69922,0.0,1.76,1.56,0.0,0.0,0.0,213000.0,2.727,3.051
2019-10-15,2995.679932,3340740000.0,27024.80078,245510000.0,8148.709961,1836650000.0,30524.24023,0.0,1.77,1.56,0.0,0.0,0.0,213000.0,2.735,3.05
2019-10-16,2989.689941,3222570000.0,27001.98047,214660000.0,8124.180176000001,1886720000.0,30450.929689999997,0.0,1.75,1.57,0.0,0.0,0.0,213000.0,2.735,3.05
2019-10-17,2997.949951,3115960000.0,27025.88086,222540000.0,8156.850098000001,1861570000.0,30561.64063,0.0,1.76,1.59,0.0,0.0,0.0,213000.0,2.735,3.05
2019-10-18,2986.199951,3264290000.0,26770.19922,288970000.0,8089.540039,2012930000.0,30432.73047,0.0,1.76,1.6,0.0,0.0,0.0,213000.0,2.735,3.05
2019-10-19,2986.199951,3264290000.0,26770.19922,288970000.0,8089.540039,2012930000.0,30432.73047,0.0,1.76,1.6,0.0,0.0,0.0,213000.0,2.735,3.05
2019-10-20,2986.199951,3264290000.0,26770.19922,288970000.0,8089.540039,2012930000.0,30432.73047,0.0,1.76,1.6,0.0,0.0,0.0,217000.0,2.735,3.05
2019-10-21,3006.719971,3271620000.0,26827.64063,241030000.0,8162.990234000001,1752860000.0,30650.01953,0.0,1.8,1.61,0.0,0.0,0.0,217000.0,2.735,3.05
2019-10-22,2995.98999,3523890000.0,26788.09961,265510000.0,8104.299805,1847200000.0,30544.80078,0.0,1.78,1.61,0.0,0.0,0.0,217000.0,2.692,3.064
2019-10-23,3004.52002,3392870000.0,26833.94922,247680000.0,8119.790039,1805030000.0,30622.65039,0.0,1.77,1.61,0.0,0.0,0.0,217000.0,2.692,3.064
2019-10-24,3010.290039,3692600000.0,26805.5293,253590000.0,8185.799805,1882490000.0,30699.539060000003,0.0,1.77,1.62,0.0,0.0,0.0,217000.0,2.692,3.064
2019-10-25,3022.550049,3370370000.0,26958.06055,274610000.0,8243.120117,1894740000.0,30836.2207,0.0,1.8,1.65,0.0,0.0,0.0,217000.0,2.692,3.064
2019-10-26,3022.550049,3370370000.0,26958.06055,274610000.0,8243.120117,1894740000.0,30836.2207,0.0,1.8,1.65,0.0,0.0,0.0,217000.0,2.692,3.064
2019-10-27,3022.550049,3370370000.0,26958.06055,274610000.0,8243.120117,1894740000.0,30836.2207,0.0,1.8,1.65,0.0,0.0,0.0,212000.0,2.692,3.064
2019-10-28,3039.419922,3521230000.0,27090.7207,290770000.0,8325.990234,1956280000.0,31009.26953,0.0,1.85,1.64,0.0,0.0,0.0,212000.0,2.692,3.064
2019-10-29,3036.889893,3589930000.0,27071.460939999997,269610000.0,8276.849609,1834530000.0,30978.75977,0.0,1.84,1.61,0.0,0.0,0.0,212000.0,2.702,3.062
2019-10-30,3046.77002,3776030000.0,27186.68945,231750000.0,8303.980469,1928420000.0,31062.98047,0.0,1.78,1.57,0.0,0.0,0.0,212000.0,2.702,3.062
2019-10-31,3037.560059,4139280000.0,27046.23047,273830000.0,8292.360352,2258270000.0,30945.63086,0.0,1.69,1.54,0.0,0.0,0.0,212000.0,2.702,3.062
2019-11-01,3066.909912,3930200000.0,27347.35938,270870000.0,8386.400391,2057310000.0,31267.179689999997,0.0,1.73,1.59,0.0,0.0,0.0,212000.0,2.702,3.062
2019-11-02,3066.909912,3930200000.0,27347.35938,270870000.0,8386.400391,2057310000.0,31267.179689999997,0.0,1.73,1.59,0.0,0.0,0.0,212000.0,2.702,3.062
2019-11-03,3066.909912,3930200000.0,27347.35938,270870000.0,8386.400391,2057310000.0,31267.179689999997,0.0,1.73,1.59,0.0,0.0,0.0,222000.0,2.702,3.062
2019-11-04,3078.27002,4146850000.0,27462.10938,273030000.0,8433.200195,2149910000.0,31384.19922,0.0,1.79,1.64,0.0,0.0,0.0,222000.0,2.702,3.062
2019-11-05,3074.6201170000004,4486130000.0,27492.63086,286350000.0,8434.679688,2316710000.0,31351.539060000003,0.0,1.86,1.68,0.0,0.0,0.0,222000.0,2.711,3.073
2019-11-06,3076.780029,4458190000.0,27492.56055,237910000.0,8410.629883,2332650000.0,31332.410160000003,0.0,1.81,1.66,0.0,0.0,0.0,222000.0,2.711,3.073
2019-11-07,3085.179932,4144640000.0,27674.80078,259020000.0,8434.519531,2393950000.0,31417.25977,0.0,1.92,1.69,0.0,0.0,0.0,222000.0,2.711,3.073
2019-11-08,3093.080078,3499150000.0,27681.24023,221440000.0,8475.30957,1974190000.0,31505.01953,0.0,1.94,1.71,0.0,0.0,0.0,222000.0,2.711,3.073
2019-11-09,3093.080078,3499150000.0,27681.24023,221440000.0,8475.30957,1974190000.0,31505.01953,0.0,1.94,1.71,0.0,0.0,0.0,222000.0,2.711,3.073
2019-11-10,3093.080078,3499150000.0,27681.24023,221440000.0,8475.30957,1974190000.0,31505.01953,0.0,1.94,1.71,0.0,0.0,0.0,223000.0,2.711,3.073
2019-11-11,3087.01001,3035530000.0,27691.49023,202350000.0,8464.280273,1715470000.0,31447.589839999997,0.0,1.94,1.71,0.0,0.0,0.0,223000.0,2.711,3.073
2019-11-12,3091.840088,3466010000.0,27691.49023,213670000.0,8486.089844,1987820000.0,31488.11914,0.0,1.92,1.7,0.0,0.0,0.0,223000.0,2.688,3.074
2019-11-13,3094.040039,3509280000.0,27783.589839999997,278390000.0,8482.099609,2173320000.0,31497.25977,0.0,1.88,1.66,0.0,0.0,0.0,223000.0,2.688,3.074
2019-11-14,3096.6298829999996,3276070000.0,27781.960939999997,303970000.0,8479.019531,2106550000.0,31520.75,0.0,1.82,1.62,0.0,0.0,0.0,223000.0,2.688,3.074
2019-11-15,3120.459961,3335650000.0,28004.89063,283720000.0,8540.830078,2188210000.0,31751.88086,0.0,1.84,1.63,0.0,0.0,0.0,223000.0,2.688,3.074
2019-11-16,3120.459961,3335650000.0,28004.89063,283720000.0,8540.830078,2188210000.0,31751.88086,0.0,1.84,1.63,0.0,0.0,0.0,223000.0,2.688,3.074
2019-11-17,3120.459961,3335650000.0,28004.89063,283720000.0,8540.830078,2188210000.0,31751.88086,0.0,1.84,1.63,0.0,0.0,0.0,211000.0,2.688,3.074
2019-11-18,3122.030029,3436690000.0,28036.2207,252320000.0,8549.94043,2047240000.0,31760.49023,0.0,1.81,1.63,0.0,0.0,0.0,211000.0,2.688,3.074
2019-11-19,3120.179932,3590070000.0,27934.01953,245890000.0,8570.660156,2075000000.0,31769.09961,0.0,1.79,1.63,0.0,0.0,0.0,211000.0,2.672,3.066
2019-11-20,3108.459961,4034890000.0,27821.089839999997,258140000.0,8526.730469,2596030000.0,31665.88086,0.0,1.73,1.6,0.0,0.0,0.0,211000.0,2.672,3.066
2019-11-21,3103.540039,3720560000.0,27766.289060000003,232020000.0,8506.209961,2056230000.0,31607.11914,0.0,1.77,1.63,0.0,0.0,0.0,211000.0,2.672,3.066
2019-11-22,3110.290039,3226780000.0,27875.61914,214780000.0,8519.879883,1877090000.0,31679.2207,0.0,1.77,1.62,0.0,0.0,0.0,211000.0,2.672,3.066
2019-11-23,3110.290039,3226780000.0,27875.61914,214780000.0,8519.879883,1877090000.0,31679.2207,0.0,1.77,1.62,0.0,0.0,0.0,211000.0,2.672,3.066
2019-11-24,3110.290039,3226780000.0,27875.61914,214780000.0,8519.879883,1877090000.0,31679.2207,0.0,1.77,1.62,0.0,0.0,0.0,206000.0,2.672,3.066
2019-11-25,3133.639893,3511530000.0,28066.4707,248420000.0,8632.490234,2256070000.0,31960.19922,0.0,1.76,1.62,0.0,0.0,0.0,206000.0,2.672,3.066
2019-11-26,3140.52002,4595590000.0,28121.679689999997,324050000.0,8647.929688,2434570000.0,32028.64063,0.0,1.74,1.62,0.0,0.0,0.0,206000.0,2.667,3.07
2019-11-27,3153.6298829999996,3033090000.0,28164.0,198210000.0,8705.179688,1744580000.0,32167.24023,0.0,1.77,1.63,0.0,0.0,0.0,206000.0,2.667,3.07
2019-11-28,3153.6298829999996,3033090000.0,28164.0,198210000.0,8705.179688,1744580000.0,32167.24023,0.0,1.77,1.63,0.0,0.0,0.0,206000.0,2.667,3.07
2019-11-29,3140.97998,1743020000.0,28051.410160000003,120630000.0,8665.469727,1099090000.0,32025.85938,0.0,1.78,1.61,0.0,0.0,0.0,206000.0,2.667,3.07
2019-11-30,3140.97998,1743020000.0,28051.410160000003,120630000.0,8665.469727,1099090000.0,32025.85938,0.0,1.78,1.61,0.0,0.0,0.0,206000.0,2.667,3.07
2019-12-01,3140.97998,1743020000.0,28051.410160000003,120630000.0,8665.469727,1099090000.0,32025.85938,0.0,1.78,1.61,0.0,0.0,0.0,237000.0,2.667,3.07
2019-12-02,3113.8701170000004,3268740000.0,27783.039060000003,236610000.0,8567.990234,2225940000.0,31735.41992,0.0,1.83,1.65,0.0,0.0,0.0,237000.0,2.667,3.07
2019-12-03,3093.199951,3653390000.0,27502.81055,275350000.0,8520.639648,2308600000.0,31540.68945,0.0,1.72,1.63,0.0,0.0,0.0,237000.0,2.652,3.049
2019-12-04,3112.76001,3695030000.0,27649.7793,218200000.0,8566.669922,2150680000.0,31727.960939999997,0.0,1.77,1.66,0.0,0.0,0.0,237000.0,2.652,3.049
2019-12-05,3117.429932,3355750000.0,27677.789060000003,208600000.0,8570.700195,2123380000.0,31757.929689999997,0.0,1.8,1.67,0.0,0.0,0.0,237000.0,2.652,3.049
2019-12-06,3145.909912,3479480000.0,28015.06055,223310000.0,8656.530273,2053530000.0,32038.98047,0.0,1.84,1.69,0.0,0.0,0.0,237000.0,2.652,3.049
2019-12-07,3145.909912,3479480000.0,28015.06055,223310000.0,8656.530273,2053530000.0,32038.98047,0.0,1.84,1.69,0.0,0.0,0.0,237000.0,2.652,3.049
2019-12-08,3145.909912,3479480000.0,28015.06055,223310000.0,8656.530273,2053530000.0,32038.98047,0.0,1.84,1.69,0.0,0.0,0.0,229000.0,2.652,3.049
2019-12-09,3135.959961,3345990000.0,27909.59961,217000000.0,8621.830078,2088520000.0,31949.19922,0.0,1.83,1.69,0.0,0.0,0.0,229000.0,2.652,3.049
2019-12-10,3132.52002,3343790000.0,27881.7207,213250000.0,8616.179688,2053390000.0,31921.94922,0.0,1.85,1.71,0.0,0.0,0.0,229000.0,2.627,3.046
2019-12-11,3141.6298829999996,3252540000.0,27911.30078,213510000.0,8654.049805,1937850000.0,32001.43945,0.0,1.79,1.69,0.0,0.0,0.0,229000.0,2.627,3.046
2019-12-12,3168.570068,3990690000.0,28132.05078,277740000.0,8717.320313,2388270000.0,32258.86914,0.0,1.9,1.72,0.0,0.0,0.0,229000.0,2.627,3.046
2019-12-13,3168.800049,3736870000.0,28135.38086,250660000.0,8734.879883,2188720000.0,32241.160160000003,0.0,1.82,1.7,0.0,0.0,0.0,229000.0,2.627,3.046
2019-12-14,3168.800049,3736870000.0,28135.38086,250660000.0,8734.879883,2188720000.0,32241.160160000003,0.0,1.82,1.7,0.0,0.0,0.0,229000.0,2.627,3.046
2019-12-15,3168.800049,3736870000.0,28135.38086,250660000.0,8734.879883,2188720000.0,32241.160160000003,0.0,1.82,1.7,0.0,0.0,0.0,218000.0,2.627,3.046
2019-12-16,3191.449951,4051790000.0,28235.89063,286770000.0,8814.230469,2346290000.0,32479.24023,0.0,1.89,1.73,0.0,0.0,0.0,218000.0,2.627,3.046
2019-12-17,3192.52002,3837540000.0,28267.160160000003,286770000.0,8823.360352,2374120000.0,32503.679689999997,0.0,1.89,1.75,0.0,0.0,0.0,218000.0,2.621,3.041
2019-12-18,3191.139893,4014080000.0,28239.2793,289890000.0,8827.740234,2727870000.0,32508.33008,0.0,1.92,1.76,0.0,0.0,0.0,218000.0,2.621,3.041
2019-12-19,3205.3701170000004,3720450000.0,28376.960939999997,262570000.0,8887.219727,2415950000.0,32654.289060000003,0.0,1.92,1.77,0.0,0.0,0.0,218000.0,2.621,3.041
2019-12-20,3221.219971,6454270000.0,28455.089839999997,603780000.0,8924.959961,3825460000.0,32811.23047,0.0,1.92,1.77,0.0,0.0,0.0,218000.0,2.621,3.041
2019-12-21,3221.219971,6454270000.0,28455.089839999997,603780000.0,8924.959961,3825460000.0,32811.23047,0.0,1.92,1.77,0.0,0.0,0.0,218000.0,2.621,3.041
2019-12-22,3221.219971,6454270000.0,28455.089839999997,603780000.0,8924.959961,3825460000.0,32811.23047,0.0,1.92,1.77,0.0,0.0,0.0,220000.0,2.621,3.041
2019-12-23,3224.01001,3060610000.0,28551.5293,223530000.0,8945.650391,2025450000.0,32840.60938,0.0,1.93,1.75,0.0,0.0,0.0,220000.0,2.621,3.041
2019-12-24,3223.3798829999996,1296540000.0,28515.44922,86150000.0,8952.879883,1014520000.0,32844.53906,0.0,1.9,1.75,0.0,0.0,0.0,220000.0,2.658,3.069
2019-12-25,3223.3798829999996,1296540000.0,28515.44922,86150000.0,8952.879883,1014520000.0,32844.53906,0.0,1.9,1.75,0.0,0.0,0.0,220000.0,2.658,3.069
2019-12-26,3239.909912,2160680000.0,28621.39063,155970000.0,9022.389648,1634920000.0,33006.66016,0.0,1.9,1.74,0.0,0.0,0.0,220000.0,2.658,3.069
2019-12-27,3240.02002,2428670000.0,28645.25977,182280000.0,9006.620117,1832200000.0,32976.82031,0.0,1.88,1.73,0.0,0.0,0.0,220000.0,2.658,3.069
2019-12-28,3240.02002,2428670000.0,28645.25977,182280000.0,9006.620117,1832200000.0,32976.82031,0.0,1.88,1.73,0.0,0.0,0.0,220000.0,2.658,3.069
2019-12-29,3240.02002,2428670000.0,28645.25977,182280000.0,9006.620117,1832200000.0,32976.82031,0.0,1.88,1.73,0.0,0.0,0.0,212000.0,2.658,3.069
2019-12-30,3221.290039,3013290000.0,28462.14063,181600000.0,8945.990234,2042420000.0,32788.76172,0.0,1.9,1.75,0.0,0.0,0.0,212000.0,2.658,3.069
2019-12-31,3230.780029,2893810000.0,28538.43945,193340000.0,8972.599609,2182800000.0,32886.73828,0.0,1.92,1.77,0.0,0.0,0.0,212000.0,2.665,3.079
2020-01-01,3230.780029,2893810000.0,28538.43945,193340000.0,8972.599609,2182800000.0,32886.73828,0.0,1.92,1.77,0.0,0.0,0.0,212000.0,2.665,3.079
2020-01-02,3257.850098,3458250000.0,28868.80078,251820000.0,9092.19043,2848370000.0,33142.19922,0.0,1.88,1.8,0.0,0.0,0.0,212000.0,2.665,3.079
2020-01-03,3234.850098,3461290000.0,28634.88086,239590000.0,9020.769531,2567400000.0,32943.32813,0.0,1.8,1.77,0.0,0.0,0.0,212000.0,2.665,3.079
2020-01-04,3234.850098,3461290000.0,28634.88086,239590000.0,9020.769531,2567400000.0,32943.32813,0.0,1.8,1.77,0.0,0.0,0.0,212000.0,2.665,3.079
2020-01-05,3234.850098,3461290000.0,28634.88086,239590000.0,9020.769531,2567400000.0,32943.32813,0.0,1.8,1.77,0.0,0.0,0.0,207000.0,2.665,3.079
2020-01-06,3246.280029,3674070000.0,28703.38086,252760000.0,9071.469727,2788120000.0,33065.14063,0.0,1.81,1.75,0.0,0.0,0.0,207000.0,2.665,3.079
2020-01-07,3237.179932,3420380000.0,28583.679689999997,258900000.0,9068.580078,2352850000.0,32988.51953,0.0,1.83,1.74,0.0,0.0,0.0,207000.0,2.657,3.064
2020-01-08,3253.050049,3720890000.0,28745.089839999997,291750000.0,9129.240234,2464090000.0,33134.98828,0.0,1.87,1.75,0.0,0.0,0.0,207000.0,2.657,3.064
2020-01-09,3274.699951,3638390000.0,28956.90039,275060000.0,9203.429688,2534700000.0,33333.21094,0.0,1.85,1.74,0.0,0.0,0.0,207000.0,2.657,3.064
2020-01-10,3265.350098,3212970000.0,28823.76953,237830000.0,9178.860352,2378990000.0,33237.14844,0.0,1.83,1.76,0.0,0.0,0.0,207000.0,2.657,3.064
2020-01-11,3265.350098,3212970000.0,28823.76953,237830000.0,9178.860352,2378990000.0,33237.14844,0.0,1.83,1.76,0.0,0.0,0.0,207000.0,2.657,3.064
2020-01-12,3265.350098,3212970000.0,28823.76953,237830000.0,9178.860352,2378990000.0,33237.14844,0.0,1.83,1.76,0.0,0.0,0.0,220000.0,2.657,3.064
2020-01-13,3288.1298829999996,3456380000.0,28907.05078,249830000.0,9273.929688,2530270000.0,33487.08984,0.0,1.85,1.77,0.0,0.0,0.0,220000.0,2.657,3.064
2020-01-14,3283.149902,3665130000.0,28939.66992,287440000.0,9251.330078,2542170000.0,33469.83984,0.0,1.82,1.77,0.0,0.0,0.0,220000.0,2.625,3.037
2020-01-15,3289.290039,3716840000.0,29030.2207,260270000.0,9258.700195,2435650000.0,33534.14844,0.0,1.79,1.75,0.0,0.0,0.0,220000.0,2.625,3.037
2020-01-16,3316.810059,3535080000.0,29297.64063,252110000.0,9357.129883,2301400000.0,33827.73828,0.0,1.81,1.74,0.0,0.0,0.0,220000.0,2.625,3.037
2020-01-17,3329.6201170000004,3698170000.0,29348.09961,321820000.0,9388.94043,2522670000.0,33917.37891,0.0,1.84,1.75,0.0,0.0,0.0,220000.0,2.625,3.037
2020-01-18,3329.6201170000004,3698170000.0,29348.09961,321820000.0,9388.94043,2522670000.0,33917.37891,0.0,1.84,1.75,0.0,0.0,0.0,220000.0,2.625,3.037
2020-01-19,3329.6201170000004,3698170000.0,29348.09961,321820000.0,9388.94043,2522670000.0,33917.37891,0.0,1.84,1.75,0.0,0.0,0.0,212000.0,2.625,3.037
2020-01-20,3329.6201170000004,3698170000.0,29348.09961,321820000.0,9388.94043,2522670000.0,33917.37891,0.0,1.84,1.75,0.0,0.0,0.0,212000.0,2.625,3.037
2020-01-21,3320.790039,4105340000.0,29196.039060000003,320640000.0,9370.80957,2684540000.0,33817.58984,0.0,1.78,1.74,0.0,0.0,0.0,212000.0,2.595,3.01
2020-01-22,3321.75,3619850000.0,29186.26953,283440000.0,9383.769531,2449390000.0,33828.62891,0.0,1.77,1.72,1.0,0.0,0.0,212000.0,2.595,3.01
2020-01-23,3325.540039,3764860000.0,29160.089839999997,307060000.0,9402.480469,2460050000.0,33862.46875,0.0,1.74,1.7,1.0,0.0,0.0,212000.0,2.595,3.01
2020-01-24,3295.469971,3707130000.0,28989.73047,380010000.0,9314.910156,2611710000.0,33539.55859,0.0,1.7,1.68,2.0,0.0,0.0,212000.0,2.595,3.01
2020-01-25,3295.469971,3707130000.0,28989.73047,380010000.0,9314.910156,2611710000.0,33539.55859,0.0,1.7,1.68,2.0,0.0,0.0,212000.0,2.595,3.01
2020-01-26,3295.469971,3707130000.0,28989.73047,380010000.0,9314.910156,2611710000.0,33539.55859,0.0,1.7,1.68,5.0,0.0,0.0,201000.0,2.595,3.01
2020-01-27,3243.6298829999996,3823100000.0,28535.80078,337270000.0,9139.30957,2583330000.0,33028.76172,0.0,1.61,1.63,5.0,0.0,0.0,201000.0,2.595,3.01
2020-01-28,3276.23999,3526720000.0,28722.84961,330140000.0,9269.679688,2157830000.0,33357.51953,0.0,1.65,1.65,5.0,0.0,0.0,201000.0,2.546,2.956
2020-01-29,3273.399902,3584500000.0,28734.44922,302290000.0,9275.160156,2223480000.0,33322.07813,0.0,1.6,1.64,5.0,0.0,0.0,201000.0,2.546,2.956
2020-01-30,3283.659912,3787250000.0,28859.43945,326850000.0,9298.929688,2333500000.0,33418.14844,0.0,1.57,1.64,5.0,0.0,0.0,201000.0,2.546,2.956
2020-01-31,3225.52002,4527830000.0,28256.0293,403890000.0,9150.94043,2685840000.0,32838.19141,0.0,1.51,1.65,7.0,0.0,0.0,201000.0,2.546,2.956
2020-02-01,3225.52002,4527830000.0,28256.0293,403890000.0,9150.94043,2685840000.0,32838.19141,0.0,1.51,1.65,8.0,0.0,0.0,201000.0,2.546,2.956
2020-02-02,3225.52002,4527830000.0,28256.0293,403890000.0,9150.94043,2685840000.0,32838.19141,0.0,1.51,1.65,8.0,0.0,0.0,204000.0,2.546,2.956
2020-02-03,3248.919922,3757910000.0,28399.81055,307910000.0,9273.400391,2420510000.0,33099.01953,0.0,1.54,1.63,11.0,0.0,0.0,204000.0,2.546,2.956
2020-02-04,3297.590088,3995320000.0,28807.63086,332750000.0,9467.969727,2445420000.0,33609.67969,0.0,1.61,1.64,11.0,0.0,0.0,204000.0,2.511,2.91
2020-02-05,3334.689941,4117730000.0,29290.84961,357540000.0,9508.679688,2462470000.0,33923.80078,0.0,1.66,1.66,11.0,0.0,0.0,204000.0,2.511,2.91
2020-02-06,3345.780029,3868370000.0,29379.76953,263700000.0,9572.150391,2267300000.0,34012.21094,0.0,1.65,1.67,11.0,0.0,0.0,204000.0,2.511,2.91
2020-02-07,3327.709961,3730650000.0,29102.50977,252860000.0,9520.509766,2238670000.0,33827.98047,0.0,1.59,1.66,11.0,0.0,0.0,204000.0,2.511,2.91
2020-02-08,3327.709961,3730650000.0,29102.50977,252860000.0,9520.509766,2238670000.0,33827.98047,0.0,1.59,1.66,11.0,0.0,0.0,204000.0,2.511,2.91
2020-02-09,3327.709961,3730650000.0,29102.50977,252860000.0,9520.509766,2238670000.0,33827.98047,0.0,1.59,1.66,11.0,3.0,0.0,215000.0,2.511,2.91
2020-02-10,3352.090088,3450350000.0,29276.820310000003,250510000.0,9628.389648,2179310000.0,34070.17969,0.0,1.56,1.66,11.0,3.0,0.0,215000.0,2.511,2.91
2020-02-11,3357.75,3760550000.0,29276.339839999997,279540000.0,9638.94043,2423670000.0,34170.94922,0.0,1.59,1.65,12.0,3.0,0.0,215000.0,2.518,2.89
2020-02-12,3379.4499509999996,3926380000.0,29551.41992,309530000.0,9725.959961,2355000000.0,34403.23828,0.0,1.62,1.66,12.0,3.0,0.0,215000.0,2.518,2.89
2020-02-13,3373.9399409999996,3498240000.0,29423.31055,291150000.0,9711.969727,2239270000.0,34369.85156,0.0,1.61,1.67,13.0,3.0,0.0,215000.0,2.518,2.89
2020-02-14,3380.1599119999996,3398040000.0,29398.08008,231000000.0,9731.179688,2222240000.0,34428.33984,0.0,1.59,1.66,13.0,3.0,0.0,215000.0,2.518,2.89
2020-02-15,3380.1599119999996,3398040000.0,29398.08008,231000000.0,9731.179688,2222240000.0,34428.33984,0.0,1.59,1.66,13.0,3.0,0.0,215000.0,2.518,2.89
2020-02-16,3380.1599119999996,3398040000.0,29398.08008,231000000.0,9731.179688,2222240000.0,34428.33984,0.0,1.59,1.66,13.0,3.0,0.0,220000.0,2.518,2.89
2020-02-17,3380.1599119999996,3398040000.0,29398.08008,231000000.0,9731.179688,2222240000.0,34428.33984,0.0,1.59,1.66,13.0,3.0,0.0,220000.0,2.518,2.89
2020-02-18,3370.290039,3746720000.0,29232.18945,256600000.0,9732.740234,2273460000.0,34363.17188,0.0,1.55,1.65,13.0,3.0,0.0,220000.0,2.555,2.882
2020-02-19,3386.149902,3600150000.0,29348.0293,240640000.0,9817.179688,2462530000.0,34533.94141,0.0,1.56,1.65,13.0,3.0,0.0,220000.0,2.555,2.882
2020-02-20,3373.2299799999996,4007320000.0,29219.98047,287780000.0,9750.969727,2735610000.0,34434.66016,0.0,1.52,1.63,13.0,3.0,0.0,220000.0,2.555,2.882
2020-02-21,3337.75,3899270000.0,28992.410160000003,311210000.0,9576.589844,2743010000.0,34066.28125,0.0,1.46,1.61,15.0,5.0,0.0,220000.0,2.555,2.882
2020-02-22,3337.75,3899270000.0,28992.410160000003,311210000.0,9576.589844,2743010000.0,34066.28125,0.0,1.46,1.61,15.0,5.0,0.0,220000.0,2.555,2.882
2020-02-23,3337.75,3899270000.0,28992.410160000003,311210000.0,9576.589844,2743010000.0,34066.28125,0.0,1.46,1.61,15.0,5.0,0.0,217000.0,2.555,2.882
2020-02-24,3225.889893,4842960000.0,27960.80078,452580000.0,9221.280273,3177000000.0,32937.51953,0.0,1.38,1.59,51.0,5.0,0.0,217000.0,2.555,2.882
2020-02-25,3128.209961,5591510000.0,27081.35938,513270000.0,8965.610352,3583400000.0,31921.68945,0.0,1.33,1.53,51.0,6.0,0.0,217000.0,2.514,2.851
2020-02-26,3116.389893,5478110000.0,26957.589839999997,472450000.0,8980.780273,3567830000.0,31741.789060000003,0.0,1.33,1.54,57.0,6.0,0.0,217000.0,2.514,2.851
2020-02-27,2978.76001,7058840000.0,25766.64063,664980000.0,8566.480469,4536080000.0,30385.63086,0.0,1.3,1.53,58.0,6.0,0.0,217000.0,2.514,2.851
2020-02-28,2954.219971,8563850000.0,25409.35938,915990000.0,8567.370117,5301170000.0,30125.070310000003,0.0,1.13,1.41,60.0,7.0,0.0,217000.0,2.514,2.851
2020-02-29,2954.219971,8563850000.0,25409.35938,915990000.0,8567.370117,5301170000.0,30125.070310000003,0.0,1.13,1.41,68.0,7.0,1.0,217000.0,2.514,2.851
2020-03-01,2954.219971,8563850000.0,25409.35938,915990000.0,8567.370117,5301170000.0,30125.070310000003,0.0,1.13,1.41,74.0,7.0,1.0,211000.0,2.514,2.851
2020-03-02,3090.22998,6376400000.0,26703.32031,637200000.0,8952.169922,4232760000.0,31416.39063,0.0,1.1,1.41,98.0,7.0,6.0,211000.0,2.514,2.851
2020-03-03,3003.3701170000004,6355940000.0,25917.41016,647080000.0,8684.089844,4336700000.0,30571.00977,0.0,1.02,1.45,118.0,7.0,7.0,211000.0,2.468,2.814
2020-03-04,3130.1201170000004,5035480000.0,27090.85938,457590000.0,9018.089844,3602870000.0,31783.7793,0.0,1.02,1.46,149.0,7.0,11.0,211000.0,2.468,2.814
2020-03-05,3023.939941,5575550000.0,26121.2793,477370000.0,8738.589844,3748090000.0,30719.90039,0.0,0.92,1.4,217.0,7.0,12.0,211000.0,2.468,2.814
2020-03-06,2972.3701170000004,6552140000.0,25864.7793,599780000.0,8575.620117,4279850000.0,30157.910160000003,0.0,0.74,1.31,262.0,7.0,14.0,211000.0,2.468,2.814
2020-03-07,2972.3701170000004,6552140000.0,25864.7793,599780000.0,8575.620117,4279850000.0,30157.910160000003,0.0,0.74,1.31,402.0,7.0,17.0,211000.0,2.468,2.814
2020-03-08,2972.3701170000004,6552140000.0,25864.7793,599780000.0,8575.620117,4279850000.0,30157.910160000003,0.0,0.74,1.31,518.0,7.0,21.0,282000.0,2.468,2.814
2020-03-09,2746.560059,8423050000.0,23851.01953,750430000.0,7950.680176000001,4530350000.0,27774.99023,0.0,0.54,0.99,583.0,7.0,22.0,282000.0,2.468,2.814
2020-03-10,2882.22998,7635960000.0,25018.16016,654860000.0,8344.25,4431930000.0,29088.0293,0.0,0.76,1.0,959.0,8.0,28.0,282000.0,2.343,2.733
2020-03-11,2741.3798829999996,7374110000.0,23553.2207,663960000.0,7952.049805,4273890000.0,27598.910160000003,0.0,0.82,0.96,1281.0,8.0,36.0,282000.0,2.343,2.733
2020-03-12,2480.639893,8829380000.0,21200.61914,908260000.0,7201.799805,5066530000.0,24909.10938,0.0,0.88,0.92,1663.0,12.0,41.0,282000.0,2.343,2.733
2020-03-13,2711.02002,8258670000.0,23185.61914,843080000.0,7874.879883,4685890000.0,27142.66992,0.0,0.94,0.9,2179.0,12.0,49.0,282000.0,2.343,2.733
2020-03-14,2711.02002,8258670000.0,23185.61914,843080000.0,7874.879883,4685890000.0,27142.66992,0.0,0.94,0.9,2727.0,12.0,58.0,282000.0,2.343,2.733
2020-03-15,2711.02002,8258670000.0,23185.61914,843080000.0,7874.879883,4685890000.0,27142.66992,0.0,0.94,0.9,3499.0,12.0,73.0,3307000.0,2.343,2.733
2020-03-16,2386.1298829999996,7781540000.0,20188.51953,770130000.0,6904.589844,4594360000.0,23818.44922,0.0,0.73,0.73,4632.0,17.0,99.0,3307000.0,2.343,2.733
2020-03-17,2529.189941,8358500000.0,21237.38086,793060000.0,7334.779785,4900000000.0,25182.90039,0.0,1.02,0.63,6421.0,17.0,133.0,3307000.0,2.217,2.659
2020-03-18,2398.100098,8755780000.0,19898.91992,871360000.0,6989.839844,4890820000.0,23731.69922,0.0,1.18,0.63,7783.0,105.0,164.0,3307000.0,2.217,2.659
2020-03-19,2409.389893,7946710000.0,20087.18945,780300000.0,7150.580078,4762170000.0,24064.35938,0.0,1.12,0.5,13747.0,121.0,258.0,3307000.0,2.217,2.659
2020-03-20,2304.919922,9044690000.0,19173.98047,872290000.0,6879.52002,5239940000.0,23082.44922,0.0,0.92,0.75,19273.0,147.0,349.0,3307000.0,2.217,2.659
2020-03-21,2304.919922,9044690000.0,19173.98047,872290000.0,6879.52002,5239940000.0,23082.44922,0.0,0.92,0.75,25600.0,176.0,442.0,3307000.0,2.217,2.659
2020-03-22,2304.919922,9044690000.0,19173.98047,872290000.0,6879.52002,5239940000.0,23082.44922,0.0,0.92,0.75,33276.0,178.0,586.0,6867000.0,2.217,2.659
2020-03-23,2237.399902,7402180000.0,18591.92969,787970000.0,6860.669922,4330610000.0,22465.14063,0.0,0.76,0.8,43843.0,178.0,786.0,6867000.0,2.217,2.659
2020-03-24,2447.330078,7547350000.0,20704.91016,799340000.0,7417.859863,4417380000.0,24542.51953,0.0,0.84,0.97,53736.0,348.0,1008.0,6867000.0,2.103,2.586
2020-03-25,2475.560059,8285670000.0,21200.55078,796320000.0,7384.299805,4666440000.0,24878.58008,0.0,0.88,1.07,65778.0,361.0,1316.0,6867000.0,2.103,2.586
2020-03-26,2630.070068,7753160000.0,22552.16992,705180000.0,7797.540039,3999850000.0,26385.40039,0.0,0.83,1.07,83836.0,681.0,1726.0,6867000.0,2.103,2.586
2020-03-27,2541.469971,6194330000.0,21636.7793,588830000.0,7502.379883,3977010000.0,25500.57031,0.0,0.72,0.94,101657.0,869.0,2265.0,6867000.0,2.103,2.586
2020-03-28,2541.469971,6194330000.0,21636.7793,588830000.0,7502.379883,3977010000.0,25500.57031,0.0,0.72,0.94,121465.0,1072.0,2731.0,6867000.0,2.103,2.586
2020-03-29,2541.469971,6194330000.0,21636.7793,588830000.0,7502.379883,3977010000.0,25500.57031,0.0,0.72,0.94,140909.0,2665.0,3420.0,6615000.0,2.103,2.586
2020-03-30,2626.649902,5746220000.0,22327.48047,545540000.0,7774.149901999999,3846900000.0,26275.33984,0.0,0.7,0.95,161831.0,5644.0,4192.0,6615000.0,2.103,2.586
2020-03-31,2584.590088,6568290000.0,21917.16016,571210000.0,7700.100098000001,4059700000.0,25899.92969,0.0,0.7,0.87,188172.0,7024.0,5367.0,6615000.0,2.022,2.548
2020-04-01,2470.5,5947900000.0,20943.50977,506680000.0,7360.580078,3685510000.0,24711.15039,0.0,0.62,0.91,213242.0,8474.0,6501.0,6615000.0,2.022,2.548
2020-04-02,2526.899902,6454990000.0,21413.43945,529540000.0,7487.310059,3608190000.0,25199.64063,0.0,0.63,1.03,243622.0,9001.0,7921.0,6615000.0,2.022,2.548
2020-04-03,2488.649902,6087190000.0,21052.5293,450010000.0,7373.080078,3279100000.0,24736.25977,0.0,0.62,1.08,275367.0,9707.0,9246.0,6615000.0,2.022,2.548
2020-04-04,2488.649902,6087190000.0,21052.5293,450010000.0,7373.080078,3279100000.0,24736.25977,0.0,0.62,1.08,308650.0,14652.0,10855.0,6615000.0,2.022,2.548
2020-04-05,2488.649902,6087190000.0,21052.5293,450010000.0,7373.080078,3279100000.0,24736.25977,0.0,0.62,1.08,336802.0,17448.0,12375.0,5237000.0,2.022,2.548
2020-04-06,2663.679932,6391860000.0,22679.99023,610760000.0,7913.240234000001,3849100000.0,26532.08008,0.0,0.67,1.14,366317.0,19581.0,13894.0,5237000.0,2.022,2.548
2020-04-07,2659.409912,7040720000.0,22653.85938,594660000.0,7887.259765999999,4069410000.0,26522.18945,0.0,0.75,1.17,397121.0,21763.0,16191.0,5237000.0,1.951,2.507
2020-04-08,2749.97998,5856370000.0,23433.57031,472740000.0,8090.899901999999,3470730000.0,27457.05078,0.0,0.77,1.19,428654.0,23559.0,18270.0,5237000.0,1.951,2.507
2020-04-09,2789.820068,7880140000.0,23719.36914,566400000.0,8153.580078,4123670000.0,27938.929689999997,0.0,0.73,1.23,462780.0,25410.0,20255.0,5237000.0,1.951,2.507
2020-04-10,2789.820068,7880140000.0,23719.36914,566400000.0,8153.580078,4123670000.0,27938.929689999997,0.0,0.73,1.23,496535.0,28790.0,22333.0,5237000.0,1.951,2.507
2020-04-11,2789.820068,7880140000.0,23719.36914,566400000.0,8153.580078,4123670000.0,27938.929689999997,0.0,0.73,1.23,526396.0,31270.0,24342.0,5237000.0,1.951,2.507
2020-04-12,2789.820068,7880140000.0,23719.36914,566400000.0,8153.580078,4123670000.0,27938.929689999997,0.0,0.73,1.23,555313.0,32988.0,26086.0,4442000.0,1.951,2.507
2020-04-13,2761.6298829999996,5274310000.0,23390.76953,394320000.0,8192.419922,3146860000.0,27647.75977,0.0,0.76,1.26,580619.0,43482.0,27870.0,4442000.0,1.951,2.507
2020-04-14,2846.060059,5567400000.0,23949.75977,485910000.0,8515.740234,3732820000.0,28477.36914,0.0,0.76,1.29,607670.0,47763.0,30262.0,4442000.0,1.91,2.48
2020-04-15,2783.360107,5203390000.0,23504.34961,437630000.0,8393.179688,3333750000.0,27837.820310000003,0.0,0.63,1.19,636350.0,52096.0,32734.0,4442000.0,1.91,2.48
2020-04-16,2799.550049,5179990000.0,23537.67969,471050000.0,8532.360352,3995870000.0,27984.94922,0.0,0.61,1.03,667592.0,54703.0,34827.0,4442000.0,1.91,2.48
2020-04-17,2874.560059,5792140000.0,24242.49023,525950000.0,8650.139648,4335020000.0,28760.23047,0.0,0.65,1.01,699706.0,58545.0,37411.0,4442000.0,1.91,2.48
2020-04-18,2874.560059,5792140000.0,24242.49023,525950000.0,8650.139648,4335020000.0,28760.23047,0.0,0.65,1.01,732197.0,64840.0,39753.0,4442000.0,1.91,2.48
2020-04-19,2874.560059,5792140000.0,24242.49023,525950000.0,8650.139648,4335020000.0,28760.23047,0.0,0.65,1.01,758809.0,70337.0,40945.0,3839000.0,1.91,2.48
2020-04-20,2823.159912,5220160000.0,23650.43945,423410000.0,8560.730469,3796950000.0,28286.05078,0.0,0.63,0.94,784326.0,72329.0,42659.0,3839000.0,1.91,2.48
2020-04-21,2736.560059,5075830000.0,23018.88086,485140000.0,8263.230469,3756290000.0,27433.69922,0.0,0.58,0.96,811865.0,75204.0,45086.0,3839000.0,1.87,2.437
2020-04-22,2799.310059,5049660000.0,23475.82031,352880000.0,8495.379883,3025060000.0,28061.35938,0.0,0.63,1.06,840351.0,77366.0,47412.0,3839000.0,1.87,2.437
2020-04-23,2797.800049,5756520000.0,23515.25977,389290000.0,8494.75,3734720000.0,28096.789060000003,0.0,0.61,1.05,869170.0,80203.0,49724.0,3839000.0,1.87,2.437
2020-04-24,2836.73999,5374480000.0,23775.26953,376020000.0,8634.519531,3673170000.0,28483.89063,0.0,0.6,1.11,905358.0,99079.0,51493.0,3839000.0,1.87,2.437
2020-04-25,2836.73999,5374480000.0,23775.26953,376020000.0,8634.519531,3673170000.0,28483.89063,0.0,0.6,1.11,938154.0,100372.0,53755.0,3839000.0,1.87,2.437
2020-04-26,2836.73999,5374480000.0,23775.26953,376020000.0,8634.519531,3673170000.0,28483.89063,0.0,0.6,1.11,965785.0,106988.0,54881.0,,1.87,2.437
2020-04-27,2878.47998,5194260000.0,24133.7793,389390000.0,8730.160156,3678460000.0,28990.13086,0.0,0.67,1.17,988197.0,111424.0,56259.0,,1.87,2.437
2020-04-28,2863.389893,5672880000.0,24101.55078,400250000.0,8607.730469,3707540000.0,28876.23047,0.0,0.62,1.14,1012582.0,115936.0,58355.0,,,
2020-04-29,2939.51001,6620140000.0,24633.85938,455290000.0,8914.709961,4378540000.0,29719.01953,0.0,0.63,1.14,1039909.0,120720.0,60967.0,,,
2020-04-30,2912.429932,6523120000.0,24345.7207,487840000.0,8889.549805,4316380000.0,29365.49023,0.0,0.64,1.07,1069424.0,153947.0,62996.0,,,
2020-05-01,2830.709961,4753160000.0,23723.68945,418160000.0,8604.950195,3722520000.0,28500.60938,0.0,0.64,1.06,1103461.0,164015.0,64943.0,,,
2020-05-02,2830.709961,4753160000.0,23723.68945,418160000.0,8604.950195,3722520000.0,28500.60938,0.0,0.64,1.06,1132539.0,175382.0,66369.0,,,
2020-05-03,2830.709961,4753160000.0,23723.68945,418160000.0,8604.950195,3722520000.0,28500.60938,0.0,0.64,1.06,,,,,,
